"ISO3","Name","1995","1996","1997","1998","1999","2000","2001","2002","2003","2004","2005","2006","2007","2008","2009","2010","2011","2012","2013","2014","2015","2016","2017","2018","2019","2020","2021","2022","2023","2024"
"AFG","Afghanistan",0.654974956397179,0.653565328401397,0.652138714945353,0.650711580925754,0.650874525891871,0.650926211292089,0.650937872465905,0.649797495403525,0.648680198853746,0.647445280209089,0.646192320545683,0.644955047823334,0.643147555695367,0.641692432150703,0.640397174687222,0.639077358034934,0.637777801118888,0.636485233186672,0.635172148383568,0.633862490421218,0.632537333897151,0.631196421762241,0.629859374180427,0.628521500688822,0.627182297773047,0.625844046021385,0.624485554953316,0.62310594902539,0.621999554285652,0.62090673180345
"ALB","Albania",0.504021627010444,0.504533977105337,0.504993368196338,0.505391949439389,0.505752773672638,0.506093152556077,0.50541329782899,0.504872116795887,0.504295811087487,0.500394489379242,0.49638540119393,0.49205105237081,0.488165728364574,0.484184824447455,0.480116397623352,0.475962783614578,0.472064308665947,0.468436037739687,0.464745789158749,0.460985954807922,0.460010571940041,0.460866769874354,0.460834622354136,0.460018922241875,0.460727338988157,0.458611271560398,0.458144896352519,0.457631252789515,0.457238338878692,0.457190488072739
"DZA","Algeria",0.614366154820378,0.616022875604857,0.61767059943499,0.619225107926687,0.62059163577927,0.622132110725601,0.62303408680409,0.625276853975758,0.625256381875301,0.626510675706303,0.627752278381433,0.628611115776135,0.630325080559573,0.632073765526708,0.633572010041031,0.635285917009504,0.636981222851544,0.638721110271254,0.643253246137683,0.647806797095648,0.652381720877062,0.657126360091152,0.6654469661104,0.670368374547083,0.675896288831309,0.682399834610702,0.677290656474889,0.681118876158664,0.681131650013757,0.681028129936768
"AND","Andorra",,,,,,,,,,,,,,,,,,,,,,,,,,,,,,
"AGO","Angola",0.43884054035945,0.43940771250873,0.439958661248847,0.44048437535243,0.440985766625237,0.44147376150865,0.441952793831484,0.4424235970344,0.442890038980345,0.429723597117132,0.430665256363035,0.431567907299876,0.432451268613616,0.433310145843851,0.434142176452176,0.43495340733838,0.435741315371041,0.436498344683196,0.4372203571001,0.437894334643096,0.438521810485823,0.439122347289115,0.439696083057207,0.440236428382061,0.440748721077202,0.441226703057436,0.441677246881497,0.442108511610427,0.442518266178169,0.442518266178169
"ATG","Antigua and Barbuda",0.458670882351842,0.459700605045694,0.460727658572208,0.461746005185681,0.462755032365195,0.463761058302018,0.46475983321774,0.465746236440627,0.466725497497136,0.467702920048797,0.468682233934219,0.468319763080149,0.467961195556162,0.467606239929929,0.46725204026203,0.466891154662835,0.466523085905806,0.46615049594278,0.465475853496698,0.466212639820096,0.466238592468608,0.466260857981798,0.466280465899547,0.466298273328297,0.466315116972332,0.46633350703273,0.466352473845348,0.466370789944056,0.466388344118757,0.466388344118757
"ARG","Argentina",0.412241893739621,0.414824818761353,0.417271308288834,0.419358046338326,0.421670699245328,0.423653784015411,0.426005029165179,0.427721941627622,0.429893771968523,0.432044872307711,0.434201094765833,0.436340599763836,0.438399995137093,0.440479070736075,0.442618089364727,0.444733136068061,0.446800399355073,0.448487081618607,0.450058217599957,0.451674278764071,0.453297677342419,0.454784563432261,0.456124467630815,0.457365141622824,0.458428681718017,0.459149435750564,0.459543353043029,0.459854931850325,0.460278035232508,0.460278035232508
"ARM","Armenia",0.529496864953934,0.52405124903159,0.514980430947235,0.517764649552341,0.516943322602826,0.514717339107568,0.511326902668582,0.511163974623209,0.515984996816175,0.526549494038763,0.532060425623454,0.532986682962867,0.536600092310747,0.533470085608321,0.52496757796212,0.517963414155906,0.524496996425008,0.535076906557723,0.535478781091755,0.533609820829237,0.54226885118742,0.540487752648461,0.534094960365406,0.531003593870102,0.534361811564576,0.533796456073465,0.536757928009536,0.538630876316827,0.539304178255961,0.539543268800415
"AUS","Australia",0.169696521964349,0.170501205788285,0.170420389057916,0.170383464172489,0.170346539287061,0.170326697386364,0.170283070285883,0.170039157033277,0.16979524378067,0.17181826484343,0.173988840656896,0.176387457216833,0.179321587059695,0.182594401354009,0.185696351540798,0.188346480171801,0.191053732222603,0.194854963624627,0.198861244292278,0.201220497707283,0.200472778013027,0.203560053655839,0.206702346297623,0.209276820894815,0.210908151583323,0.211726263012071,0.213921145564293,0.215541687496443,0.216972366581997,0.216972366581997
"AUT","Austria",0.472365373690587,0.472633681674682,0.472899526044763,0.472942995678591,0.47299601202464,0.472944959874079,0.472652929562107,0.472371995345413,0.472142336933729,0.471925543452756,0.471714339116635,0.471482322221036,0.47123189982325,0.470980262445198,0.470722589875627,0.470462459727347,0.470139924432585,0.469830073486379,0.469534214222224,0.469425825950859,0.469445213883196,0.469459256052471,0.46943251721035,0.469384232672625,0.469331515029519,0.469381081824316,0.469436180922788,0.469548447484208,0.469624153194041,0.46962830890784
"AZE","Azerbaijan",0.713579399045599,0.715257416270386,0.716795157191689,0.718072346428719,0.719115305256847,0.71931364541518,0.719747178466524,0.720129706333405,0.720710623412398,0.721037853796007,0.721782048389877,0.72257658029762,0.723369091223337,0.724098308459423,0.724677414091013,0.725183920103087,0.725749998366688,0.726390373397285,0.727071329375083,0.727692993686464,0.728224273780126,0.728659735551155,0.728918522561623,0.728889546703543,0.728838596886249,0.728775657444597,0.728535277266108,0.728391636879617,0.727982891170519,0.72737277371763
"BHS","Bahamas",,,,,,,,,,,,,,,,,,,,,,,,,,,,,,
"BHR","Bahrain",0.829789054572315,0.829789054572315,0.829789054572315,0.829789054572315,0.829789054572315,0.829789054572315,0.829731405337245,0.829673758463309,0.829616113950509,0.829558471798844,0.829500832008314,0.82944319457892,0.829394562918807,0.829397802195361,0.829401041471914,0.829404280748468,0.829407520025021,0.829410759301575,0.829413998578128,0.829417237854682,0.829420477131236,0.829423716407789,0.829426955684343,0.829430194960896,0.829433434237449,0.829436673514003,0.829436673514003,0.829436673514003,0.829436673514003,0.829436673514003
"BGD","Bangladesh",0.656368713258806,0.656409352394848,0.656449805538837,0.656490247334912,0.656530173403521,0.656567872995618,0.65659092805263,0.656657870014806,0.656728558127134,0.656802731386011,0.656879784830102,0.656960773112829,0.657045789484977,0.657134793645477,0.657227764311271,0.657325605368756,0.657429343700484,0.656858738866652,0.656260712434776,0.655635826215497,0.654983069500894,0.654303119171748,0.653594747502088,0.652857934910661,0.652093637259482,0.651301265331849,0.650480370336017,0.650485799446205,0.650534730397527,0.650564067279823
"BRB","Barbados",,,,,,,,,,,,,,,,,,,,,,,,,,,,,,
"BLR","Belarus",0.508691536265877,0.508558065182481,0.508421190277346,0.50828412741778,0.508147100000944,0.508007221122833,0.507650745954451,0.507299073666974,0.50694334862816,0.505011953706876,0.50310966582285,0.501209016497933,0.499309746606878,0.497411557040946,0.486068998516023,0.493776102347557,0.492080364464182,0.490426489051246,0.488813672994647,0.488892188007795,0.488255535190941,0.488170782446481,0.487868354517724,0.487726443937555,0.487454278022474,0.487170688280699,0.487414739910909,0.487214526148836,0.487078030535984,0.487054377874888
"BEL","Belgium",0.581495687140087,0.578157784825664,0.574820161254719,0.574208891742742,0.573597721258236,0.57295687925255,0.568213643125645,0.563471002053808,0.562086517853826,0.560702097263855,0.55931835495895,0.558301626976162,0.557285255970944,0.556270992090668,0.554764910385984,0.554211405826218,0.54387331509807,0.546494644892781,0.54091474399309,0.5376912412056,0.531028828106534,0.533423811775647,0.535818120632627,0.533260192929513,0.533572002837656,0.534164389584925,0.534824532169174,0.534851033482563,0.534877512077718,0.534900779496971
"BLZ","Belize",0.557947987647417,0.558057295223498,0.5581676804876,0.558278221935361,0.558388108276877,0.558496926077719,0.558507904486034,0.558518299465885,0.558528269028466,0.558537828821672,0.536686500116336,0.537313996351217,0.5379121497562,0.538480662154951,0.539018555969908,0.53949127145494,0.539908580051462,0.540311777053289,0.540703328155697,0.541082890443598,0.541452524219334,0.541852046141755,0.542239182642628,0.542546204802617,0.542783023274738,0.542987968783046,0.543169998047795,0.543457706581287,0.54377131940198,0.54377131940198
"BEN","Benin",0.646282754691161,0.64624046665632,0.646198581073576,0.646156755805413,0.646114806146612,0.646072696510974,0.64585499103076,0.645657892014845,0.645418202914898,0.645177631557467,0.644937106477737,0.64469594169525,0.644453708940781,0.644211053872771,0.643968628564595,0.643725700749002,0.643482283254557,0.643238380809904,0.642994732389066,0.642748765746365,0.642501225083165,0.642252093739832,0.642001371897651,0.641749047521963,0.641495124591789,0.641239620611881,0.640983285624334,0.64072540901467,0.640466381072845,0.640204831907424
"BTN","Bhutan",0.544631053112709,0.544631053112709,0.544631053112709,0.544631053112709,0.544631053112709,0.544631053112709,0.54394078424862,0.543252232745573,0.5425657767732,0.541881526207405,0.541212427979642,0.540656391453231,0.540104565667077,0.539557089822748,0.539014864015657,0.538477483627965,0.533820362861548,0.529184405803681,0.524571696728718,0.518858270426549,0.51312442214182,0.507371945899256,0.501602369482653,0.495959426082778,0.490347488434355,0.485237364571509,0.480176929829342,0.478207086460763,0.480113006982437,0.481902409679182
"BOL","Bolivia, Plurinational State of",0.530325185786332,0.530423050704213,0.530519322148787,0.530613857513887,0.530703000856079,0.530764793986885,0.530820590941557,0.530883061880926,0.530906496352617,0.530934532391119,0.530991792023638,0.531023214494442,0.531074427124796,0.53111656668784,0.531160743659245,0.531197392117417,0.531251535575894,0.53130425161706,0.531334230027556,0.531384302925521,0.531432946186463,0.531480219568052,0.531526130752061,0.531570736445261,0.531614104760157,0.530608949507454,0.530630580938504,0.530659984532201,0.530694231363614,0.530694231363614
"BIH","Bosnia and Herzegovina",0.406257278179794,0.407628851020789,0.408764470780939,0.409299834172044,0.409599670331185,0.409811785991012,0.409807418032364,0.409724965018876,0.409516041562424,0.409105522011926,0.408632345923133,0.408245818955248,0.407759186709269,0.407109601921633,0.406576243554693,0.405880103083516,0.405086932643566,0.404357596696671,0.403657571402175,0.402982780593778,0.402431941672097,0.401943116060999,0.401250155273949,0.400433541577565,0.400170623105962,0.40062229187034,0.400998489393934,0.401531930816562,0.402279028576596,0.40227964279841
"BWA","Botswana",0.703680833770174,0.704468988292605,0.705242305803958,0.706005462744148,0.70676124607828,0.707511784417604,0.70698401007022,0.706745001726205,0.706541444890235,0.706337120976568,0.706137778130929,0.704129174719725,0.701194781331768,0.698299920512182,0.695453005756636,0.692648487654831,0.689879149759472,0.689949113702828,0.690802675165121,0.691658054702061,0.692710503043044,0.694564923695529,0.695133604323631,0.69685985753387,0.697821189870899,0.70000763718977,0.701893910283577,0.701795080865404,0.702918398619925,0.703973154034095
"BRA","Brazil",0.326429197066692,0.327508482093923,0.32901533135591,0.316514794309393,0.312031641444997,0.3124258038089,0.311552682219384,0.306545783701365,0.307154796043748,0.306818254695314,0.306481293902009,0.304445483635166,0.304870080593927,0.305578199715644,0.3058453582138,0.304557653624602,0.303764860781534,0.303222198120032,0.30221600300875,0.30146985012178,0.300941819231338,0.299772161208083,0.298917130154146,0.298471128476548,0.297413819329719,0.296907390075573,0.296281295247789,0.295585537277452,0.294683832468067,0.293550718537642
"BRN","Brunei Darussalam",0.502859459522042,0.503046436248915,0.503224398033811,0.503393792485915,0.50355531135574,0.503709586791098,0.503855484797835,0.503992137521755,0.504119347500691,0.504236979896424,0.504345725762045,0.504446445460105,0.504551770686257,0.504665066919543,0.504777988820153,0.504890067394328,0.50499336650798,0.505080714712009,0.505158366661626,0.505232634499296,0.5053038250784,0.505371836526683,0.505436397077478,0.505497382671812,0.505555026790297,0.505609732313756,0.505658729304551,0.505699420145145,0.505738701851196,0.505738701851196
"BGR","Bulgaria",0.477365087942054,0.476085493239638,0.474768185402666,0.473425971970794,0.472112323337016,0.470807812786156,0.467560264904936,0.471503796005642,0.469819838392397,0.468143444203979,0.466465872351606,0.464782505068152,0.463101519413252,0.463471092632403,0.460265016124172,0.458023325511365,0.459721894532005,0.453937235983668,0.451084684632274,0.449356718319346,0.450978058020442,0.451254468334488,0.450900281652326,0.449172232632505,0.449012511887664,0.445830562356123,0.44729248313078,0.448699614717206,0.448655926127547,0.448791691553877
"BFA","Burkina Faso",0.380861769918864,0.381711331833376,0.38254584650391,0.384650165895153,0.385763466741616,0.385962670085648,0.387096283670358,0.388218071075238,0.389308385218018,0.390376313319923,0.391393790177173,0.391619156848359,0.39217473108001,0.392678754399264,0.39319161113088,0.393690827252366,0.394180675750646,0.394665855011774,0.395134103672511,0.395584413489965,0.396019877400103,0.396437444547248,0.396833112100695,0.397196935541478,0.397529395379317,0.397841566231332,0.398138966301579,0.398421237710122,0.398692419837101,0.398692419837101
"BDI","Burundi",0.438935282313986,0.439243249829421,0.439551217366151,0.439859184881585,0.440167152418316,0.44047511993375,0.44044147284349,0.44040782575323,0.44037417866297,0.44034053157271,0.44030688448245,0.44030688448245,0.44030688448245,0.44030688448245,0.44030688448245,0.44030688448245,0.44030688448245,0.44030688448245,0.44030688448245,0.44030688448245,0.44030688448245,0.44030688448245,0.44030688448245,0.44030688448245,0.44030688448245,0.44030688448245,0.44030688448245,0.44030688448245,0.44030688448245,0.44030688448245
"KHM","Cambodia",0.638653343745643,0.638653650927446,0.638653912457065,0.638654060737706,0.63865412033173,0.638654174950271,0.637867733950702,0.637081133015605,0.636294366855074,0.63550682722764,0.634718508998302,0.633930028593945,0.633140769645132,0.632327976850135,0.631391225159752,0.630450897755723,0.629506980453185,0.62855946567152,0.627608964110153,0.626654224514931,0.62569585660353,0.624733850035585,0.623768815338437,0.622797008516921,0.62181903839198,0.620834268045786,0.619843293470462,0.618845469169194,0.617889382264626,0.616976842117379
"CMR","Cameroon",0.382963593545835,0.384625773576572,0.386221931017639,0.387775510747381,0.389292353849601,0.390759868231785,0.392157990222946,0.393547998462456,0.394924401181098,0.39627373452342,0.397590790999535,0.398853889138743,0.400108194542322,0.401351911734783,0.402561696397034,0.403734184512142,0.40486214470334,0.405952772948558,0.407011678439781,0.408119527028512,0.409234014985982,0.410263216706534,0.411211263467242,0.412112073591175,0.412991806257269,0.413830062433919,0.414625248086965,0.415392141089439,0.416142892274386,0.416142892274386
"CAN","Canada",0.14348880585324,0.143459940639925,0.143455869169013,0.1434517976976,0.143447726226688,0.143443654755276,0.143423785705259,0.143415999439987,0.143408161534503,0.143400378710184,0.143586006827134,0.143771335729818,0.143953457725337,0.144077454878453,0.144202413912844,0.144311320292443,0.144421650552022,0.144657861845037,0.144894154237351,0.145049617817009,0.145205139773595,0.145412695275845,0.145620250319671,0.145814742268156,0.146009394573458,0.146204282469716,0.146393233925309,0.146588844673506,0.146784940572182,0.146785752136678
"CPV","Cape Verde",0.515347453918458,0.515347453918458,0.515347453918458,0.515347453918458,0.515347453918458,0.515347453918458,0.515347453918458,0.518241488248617,0.521135522578775,0.524029556908933,0.529102778824593,0.534176000740252,0.53924922265591,0.544322443857456,0.549395665773115,0.554468887688774,0.559542109604433,0.564615331520092,0.569688552721638,0.574761774637296,0.579834996552955,0.584908218468615,0.58998143967016,0.595054661585819,0.604841945678197,0.647659239529389,0.622451973754156,0.627821113530457,0.627821113530457,0.627821113530457
"CAF","Central African Republic",0.435344441566536,0.435348817410044,0.435353193253552,0.43535756909706,0.435361944940567,0.435366320784075,0.435641054414754,0.435914708145823,0.436187552387033,0.436459584113169,0.436725496181549,0.436984035666763,0.43723676612637,0.437484216702843,0.437726659591819,0.437964137492453,0.438197157343257,0.43842576729718,0.438650246265278,0.438871085151885,0.439088336200578,0.439302072238694,0.439512975982484,0.439721108982312,0.439926741614592,0.440130138228133,0.440331564524579,0.440245364743144,0.440155146344098,0.440060910616573
"TCD","Chad",0.554495115599853,0.555020972560577,0.555546829509876,0.556072686470601,0.556598543431326,0.557124400392051,0.557525313761801,0.5579287709707,0.557934979943013,0.557943478710277,0.557954264286398,0.557897863005679,0.557843480397898,0.557791633396556,0.557742059982421,0.557689899260842,0.557634996707973,0.557576918042981,0.557515771108646,0.557451391079858,0.557383324648309,0.55731139122976,0.557235405794354,0.557154888076428,0.557069932409428,0.556979744226994,0.556884409878826,0.556799093681914,0.556707424193195,0.556609098811513
"CHL","Chile",0.357444677882471,0.357860038683754,0.358486073138221,0.359093651160713,0.359681971932698,0.359559236564606,0.359294595239176,0.359054217188468,0.358920062747314,0.355694177316211,0.355569730445091,0.355434254113922,0.355122969818614,0.354811964208994,0.354499975201791,0.354182339802609,0.353853844957084,0.353512719627292,0.350226458069586,0.352973538036573,0.353173573759522,0.353428503446995,0.35379275392842,0.354209844764245,0.354501567741324,0.354583831639234,0.354533732138176,0.354499864757982,0.354479155919759,0.354325583067145
"CHN","China",0.42201698665801,0.422116467724608,0.422414422936584,0.422736949178225,0.422731888592155,0.422149848970844,0.422272493066323,0.422435974714509,0.42259791551732,0.422718970540337,0.421479553196947,0.42089484701937,0.421073913684809,0.421441812535034,0.420947905773906,0.421330795782586,0.421436564037644,0.420980874055271,0.415659839768138,0.415284703596387,0.415365767484789,0.41625717935915,0.415959106218609,0.415897940843457,0.415916903704848,0.41455786215415,0.414564751675003,0.414538570363162,0.414484411937855,0.414484411937855
"COL","Colombia",0.40212096315766,0.402309978606874,0.402492379902729,0.402671735638234,0.402842724776947,0.400976676573721,0.400419760625506,0.399905002871844,0.399595780964979,0.399286270505654,0.398973383442953,0.398656357345388,0.398320604275803,0.397982814915373,0.397777205959565,0.397415594976882,0.397092069661091,0.396741074028625,0.396426106862876,0.396089138325652,0.395770386007477,0.3954415424078,0.395211450756376,0.39497866132345,0.394751636670775,0.394517908573295,0.394261918430557,0.393997296514868,0.393694741396566,0.39337915327512
"COM","Comoros",,,,,,,,,,,,,,,,,,,,,,,,,,,,,,
"COG","Congo",0.638823143778968,0.638827203483537,0.638830320333883,0.638833455797031,0.638837162792846,0.638842157587611,0.638584469424286,0.638260982362583,0.637937808252551,0.635319372922919,0.632664243664743,0.629972785406917,0.627244552118297,0.624478289121118,0.621675239128265,0.618834378702683,0.615956491017086,0.614284325571153,0.613384362480844,0.612484117725684,0.611584038413014,0.610684570526595,0.609786130425247,0.609477648926252,0.609169101488399,0.608861186636925,0.608554590872283,0.608556126956042,0.60855764059575,0.60855764059575
"COD","Congo, the Democratic Republic o",0.557608094617033,0.557612466619506,0.55761666991398,0.557621380823801,0.557626347272448,0.557631197290254,0.557634080748606,0.557646144325773,0.55766759838743,0.557698734711409,0.557737735709462,0.557780694011877,0.557831101863558,0.557890350548987,0.557957817596224,0.558034857547759,0.558120860695939,0.558217137621698,0.558324042810425,0.55844145671225,0.558570189935643,0.55871069472308,0.558863725207753,0.559029112903138,0.559207677148676,0.559399830341048,0.559066151901343,0.558728098783946,0.558486538906163,0.558242695399334
"CRI","Costa Rica",0.393343179551775,0.39388407134567,0.394396213936238,0.394876872100208,0.39532697817953,0.395620978665834,0.39545181276221,0.395249586760674,0.39506262401299,0.394880756293009,0.394712778615826,0.394554104227462,0.39440464591937,0.394273334376781,0.39415611439256,0.394038109871998,0.393645846623284,0.393555301299509,0.393629993770688,0.393902497553511,0.394405326952327,0.394000159551235,0.393328399729463,0.394046791305759,0.394168564469674,0.394290917782414,0.394776474448173,0.39485523222237,0.394939412611196,0.39494554698141
"CIV","Cote d'Ivoire",0.40469195846976,0.408791949195246,0.412707144108934,0.41640983417566,0.419507679883902,0.422069838828238,0.423631408806126,0.425055936598671,0.426351411847482,0.427544304776512,0.428664732667195,0.429587374544589,0.430447945428179,0.431234462760428,0.431951864285407,0.432624951603042,0.433247246510909,0.432683827965955,0.432013210879901,0.431580772967381,0.431464705150381,0.431287002680499,0.430994812842825,0.431637196990708,0.432777839754375,0.433797820161419,0.434718034004739,0.438022695086635,0.441829972991701,0.441490940883598
"HRV","Croatia",0.54612413215005,0.546013524229077,0.545898872503429,0.545778610962816,0.545653222977399,0.545524645170147,0.545380994635999,0.545188683546057,0.545134837379332,0.544927046341442,0.544773717352607,0.544656098863634,0.544527043848534,0.544378748281391,0.544280554081949,0.544044796196893,0.54374130857031,0.543455340876422,0.543128527134992,0.542808390719948,0.542792822573967,0.542646980875878,0.542557475040096,0.542288674534007,0.542091262932043,0.541836487688918,0.541662599746036,0.541539594191386,0.541375182697016,0.541235000243237
"CUB","Cuba",0.420144505701545,0.42009867699977,0.420197863996704,0.420298353114903,0.420399872842851,0.420499530994666,0.420593053459417,0.420684354063739,0.420772553151154,0.420855117130197,0.420926105531134,0.420981174612682,0.419514953850944,0.423127747713013,0.424565893337742,0.424402923353658,0.422978835015,0.40761118990365,0.425784885583289,0.425756844112619,0.425732556860767,0.425711084902267,0.425670591866944,0.425623268746022,0.425567589952595,0.425506538892907,0.42538076449003,0.425234517384769,0.42514008293015,0.42514008293015
"CYP","Cyprus",0.400721879393647,0.399757455978118,0.398778133220536,0.397585633026818,0.39658386617619,0.3955708183088,0.393755746366557,0.397647826613312,0.397629237908903,0.397261852907858,0.39689244548971,0.395826007339223,0.395377325191581,0.394585172678528,0.398804062080512,0.401699478077091,0.405195477842989,0.411199072083457,0.402160356293481,0.403859582325919,0.406431337217876,0.40368796869763,0.403134137955549,0.401289312504784,0.400169534895577,0.405269691899993,0.40593639825735,0.403855051358855,0.403965609218519,0.403965558759879
"CZE","Czech Republic",0.466423150080173,0.470034919762807,0.467758741909184,0.466477684684863,0.465197053864917,0.463915971910877,0.462657025063902,0.460951761574953,0.460649396785316,0.460347697444113,0.460049080318539,0.459753147404254,0.459462086663617,0.459241320584778,0.453445488842287,0.457995385975232,0.456866473455334,0.455908579973187,0.453388360978038,0.453044232582851,0.452488675658407,0.452824516131279,0.452780358240872,0.452352630462783,0.451445862046471,0.449922913309252,0.44972488590024,0.450875237758144,0.450975900010561,0.450977461343192
"DNK","Denmark",0.344816737341524,0.34352339683531,0.342229811010296,0.340973077951845,0.339716290336513,0.33845950823258,0.337202754852836,0.335945939436216,0.335754351668987,0.335017081831799,0.334279838073932,0.332856325434247,0.33143299803452,0.334235055208194,0.332826136539678,0.335832681530082,0.336639700545339,0.332828721163246,0.338960658071632,0.337944432292858,0.333177036160715,0.33442246269291,0.334087292089003,0.338541597956758,0.334182553274628,0.333980172494207,0.334263782212509,0.333674219677332,0.333675324415264,0.33367532092372
"DJI","Djibouti",0.510908049019718,0.511431732619308,0.511955415504785,0.512407687055237,0.513002781989852,0.513526464875328,0.513526464875328,0.513526464875328,0.513526464875328,0.513526464875328,0.513526464875328,0.513526464875328,0.513526464875328,0.513526464875328,0.513526464875328,0.513526464875328,0.513526464875328,0.513526464875328,0.513526464875328,0.513526464875328,0.513526464875328,0.513526464875328,0.513526464875328,0.513526464875328,0.513526464875328,0.513526464875328,0.513526464875328,0.513526464875328,0.513526464875328,0.513526464875328
"DMA","Dominica",,,,,,,,,,,,,,,,,,,,,,,,,,,,,,
"DOM","Dominican Republic",0.518741515661652,0.518919384193902,0.51909234320849,0.519215449136627,0.519371744503472,0.519525432758818,0.51838907491318,0.519037032521921,0.519585999229286,0.520094668665027,0.5206059321132,0.522456519184244,0.524312807485185,0.526179805328633,0.528051828582295,0.529942766595282,0.529813509032585,0.52970402189816,0.529599127271835,0.529498163055163,0.529400423347854,0.529305954017121,0.529216710480281,0.529136378170671,0.529062185638221,0.528998305599112,0.528942877907643,0.528888805673788,0.52883700709533,0.528717154844257
"ECU","Ecuador",0.407017436232161,0.40588630561278,0.406207874448124,0.406690939027611,0.407156025048791,0.407602603073283,0.407332173052675,0.407085922263345,0.40673121431741,0.406561423609627,0.406380715374462,0.406156509753525,0.405924146313936,0.405686269210684,0.405443729326707,0.405189942849222,0.404934289895611,0.404672442001134,0.404386124679059,0.404083154943644,0.403777115526168,0.40347213258823,0.403176176631933,0.402904081820881,0.402613013817952,0.402211877908811,0.401825955758471,0.401620498657797,0.401420821876481,0.401052637245121
"EGY","Egypt",0.780221705678038,0.78245416402015,0.78463997580939,0.786895641833733,0.789148267233205,0.791283161455345,0.793397715919922,0.794371368920483,0.795296967173905,0.79615536084732,0.796939323343569,0.79762843826314,0.798233537369858,0.798793393838705,0.799345804035624,0.799892615229815,0.800557580089145,0.801300069855992,0.802050677831841,0.802741954286561,0.803269602598088,0.803721919717967,0.804118738890885,0.804418330919848,0.804597484547736,0.804669291862466,0.804635466726829,0.804582071533602,0.804638192322526,0.803629941245257
"SLV","El Salvador",0.512258184900044,0.513399880439007,0.51451547026014,0.51561035630613,0.516685276145452,0.517737664309206,0.519502963794414,0.521233390394755,0.522926951467219,0.524587083994464,0.526220615139468,0.526086983861633,0.526012343311944,0.526002801020426,0.525989930019076,0.52598171961509,0.525982970128734,0.525993806292655,0.526008988706252,0.526019222308634,0.526010935589264,0.525983441989142,0.525933006860556,0.525849330918541,0.525746385006982,0.52569357715425,0.525684788328496,0.525692476631501,0.524312228933464,0.524312228933464
"GNQ","Equatorial Guinea",0.356958288305935,0.356962978638125,0.356967668970315,0.356972359302505,0.356977049626455,0.356981739958645,0.35698569504797,0.356989650137294,0.356993605226619,0.356997560315943,0.357001515405268,0.357001515405268,0.357001515405268,0.357001515405268,0.357001515405268,0.357001515405268,0.357001515405268,0.357001515405268,0.357001515405268,0.357001515405268,0.357001515405268,0.357001515405268,0.357001515405268,0.357001515405268,0.357001515405268,0.357001515405268,0.357001515405268,0.357001515405268,0.357001515405268,0.357001515405268
"ERI","Eritrea",0.640820769175168,0.640874580553141,0.640886195770716,0.640899744145345,0.640914821071099,0.640930304785498,0.643538437576962,0.646151294104867,0.648769296971933,0.651385494855324,0.651405952416238,0.651419164188239,0.651431202971958,0.651452472533041,0.651472248956157,0.651487392549227,0.651500958678183,0.651510462774213,0.651519459905096,0.651524376108067,0.651526801925542,0.651531238254605,0.651537095044349,0.651546573443931,0.651556879759876,0.651567645457441,0.651579655124923,0.651591317691106,0.651602895163092,0.651602895163092
"EST","Estonia",0.413265772144312,0.413287305681574,0.413326246908358,0.413375412489163,0.413434511375695,0.413497435242861,0.413007706651736,0.4125117897278,0.412866281820833,0.413215845220762,0.413560227104544,0.413897603879892,0.414235998440341,0.411050418699665,0.407906916761414,0.412508342444167,0.412244391734004,0.408861311793671,0.409503651316596,0.408523783573295,0.406700285951367,0.407588575786908,0.407440002220264,0.405152009602644,0.398086987917722,0.396053552893441,0.397420214016101,0.399528105557088,0.399316997043645,0.399034077597795
"ETH","Ethiopia",0.47333329005709,0.473460185933137,0.473586436091141,0.473706274663822,0.473809484676987,0.47391986938888,0.473780572614873,0.473611126579072,0.474311213050799,0.474469862088569,0.475126012076875,0.475139236131254,0.475114771164666,0.474956153325822,0.469525462080078,0.469451330021103,0.469344863949437,0.469164881281312,0.468994650675173,0.46879039604541,0.462832329434533,0.462724743962164,0.462296348047559,0.461833166419542,0.461336655306191,0.460811000513178,0.460249895720111,0.459962982575414,0.459663269469255,0.459086620433011
"FJI","Fiji",0.464173847262515,0.464250962562616,0.464361518912456,0.464488092462751,0.464606800016869,0.46471866127934,0.464604548375696,0.464486624843605,0.464364623592508,0.464239087510139,0.464112436511171,0.463979711100074,0.46384117003514,0.463636377044065,0.463404738970764,0.46316662804884,0.462923590235053,0.462672450426144,0.462420498135628,0.462166587199585,0.461910441218333,0.461651246704864,0.461384793090373,0.46110913840862,0.460829525109673,0.4605711463437,0.460328160336483,0.460094636205466,0.459879296019481,0.459631557362578
"FIN","Finland",0.215652506219391,0.216073139747525,0.216443066604693,0.216763156688063,0.217032120752603,0.218159194596927,0.218752414223456,0.21936761051154,0.219969282801762,0.220649756405009,0.221406387815254,0.222223060056464,0.221726961248297,0.221287149802709,0.220863451473517,0.220405950428294,0.219953095467149,0.219516639728447,0.21905625620122,0.218524823830828,0.217867561776649,0.217303265816936,0.217638509176896,0.218494362895415,0.218914835941023,0.219115017726881,0.219407235850884,0.22012614981664,0.220929780286997,0.220925605163662
"FRA","France",0.41849840358919,0.417252472672099,0.41600633886381,0.416595850506661,0.41718653784326,0.417798392639679,0.417731274221322,0.417663479381943,0.417977616717994,0.418083664713237,0.41818931243014,0.417152784899401,0.416109646476977,0.41427257024802,0.413961307012502,0.413859093650225,0.414798584263377,0.413129980987192,0.412300624176607,0.412213992977865,0.412602383511205,0.411199282862923,0.41136128703998,0.411144686236351,0.410432872686984,0.409123642421534,0.408739030448542,0.408657438663734,0.408665738667734,0.408658531001455
"GAB","Gabon",0.446222244686837,0.446476638525697,0.446723856963329,0.44696595491268,0.447203631357218,0.44743867076945,0.447670888880162,0.447901041569115,0.44812934347962,0.448357239116826,0.448586874987763,0.448814613566523,0.449043387766517,0.449271705603279,0.449500007908942,0.449728814345529,0.449955994037294,0.450177086826771,0.450387042042372,0.450580588306029,0.450754364966427,0.450909494123648,0.451049549268273,0.451179749190237,0.451303521311667,0.451420239236669,0.451530282359138,0.451635120157107,0.451735429056987,0.451735429056987
"GMB","Gambia",0.560773071509553,0.561000747641557,0.561228423773562,0.561456099905567,0.561683776037572,0.561840880974626,0.559877637464957,0.557875907183803,0.555868337928872,0.553949387693641,0.551999471528037,0.549891826735918,0.547753330336899,0.545583072440176,0.543384997304771,0.541156299020833,0.538899071883033,0.536611405498651,0.534298600073933,0.531962010297848,0.529603080458549,0.527224385870729,0.524825319422538,0.522407464899179,0.519971310611983,0.517517362573925,0.515097141628086,0.513939596906102,0.512994908389177,0.512063035557255
"GEO","Georgia",0.473324934957043,0.472252663146376,0.471117942311649,0.469934290053119,0.468693514170061,0.467355695164563,0.466414856783559,0.465547960640786,0.464770098304494,0.46410057095086,0.463423983962774,0.462806428984547,0.46219066313792,0.461596788414061,0.460959851048748,0.460314057153999,0.459626627153648,0.458913501872233,0.456804204602034,0.454811359156978,0.452949198066067,0.451080355002342,0.448738593627144,0.446703654370347,0.4455372813176,0.445095912878768,0.444466967832323,0.443305147763618,0.442979106803285,0.442522292919203
"DEU","Germany",0.483666341197366,0.482248720748347,0.481740818422604,0.479629570681002,0.479040647003373,0.47839793190708,0.478185225128475,0.477829998425289,0.475812936515774,0.473934345663062,0.472288033386576,0.471462050348768,0.461462036347198,0.469879695222499,0.471359728698794,0.462413283726673,0.466989227696769,0.463280453513953,0.452171002766923,0.460157734663413,0.458198693307925,0.451012299911943,0.45542596156693,0.454321637971158,0.452813561466964,0.452809353020917,0.45280497163858,0.452811963932454,0.452820210220721,0.452819417182782
"GHA","Ghana",0.444085226705995,0.444192382991837,0.444299539272965,0.444406695554093,0.444513851839935,0.444621008121063,0.444285695901809,0.442673604498999,0.441027036799973,0.439345626272766,0.437631857450248,0.435884258751084,0.43410363678723,0.432290224953458,0.430446095028106,0.428569075468886,0.426675415169333,0.424761312275636,0.422771818659517,0.420760077953049,0.418976269807609,0.416847573223559,0.414644984252232,0.412416598457864,0.410163472915623,0.407885291087978,0.405583115724688,0.403257331322125,0.400932244652655,0.398567881396167
"GRC","Greece",0.405167210362227,0.403655523509089,0.404702062615591,0.404759511370869,0.405263959763026,0.40577550254665,0.404836236362672,0.405240219000755,0.405624142541981,0.406012060857142,0.406422920211026,0.406474067764811,0.406503756391255,0.406772918421833,0.407404945933054,0.407972800889568,0.4084077039567,0.408456177288542,0.408390062407735,0.408350024125867,0.408318026041845,0.408987022210322,0.4092132412791,0.409411149226183,0.409668471155,0.409928429375101,0.409618766562984,0.409056986661729,0.4085554033354,0.408885756531921
"GRD","Grenada",0.437526560050362,0.437526633840129,0.437526706071679,0.437526777934901,0.437526849080572,0.437526919858066,0.435721186531895,0.433908444117826,0.432088709979383,0.43026197431328,0.428428238566846,0.426977886485274,0.425520534801453,0.424056185302633,0.42258483593831,0.421106487598049,0.419621155328558,0.418447786592263,0.418248372826817,0.418351738131102,0.418351784771384,0.418351823322426,0.418351849303377,0.418351870541344,0.418351894812986,0.418351924681833,0.418351953296433,0.418351971827523,0.41835198558694,0.41835198558694
"GTM","Guatemala",0.505356810218574,0.505405351399881,0.50545208731313,0.505497312970924,0.505541005315373,0.505581010009052,0.5056071443748,0.505873100788271,0.506153347927895,0.506444433448712,0.506738844984873,0.507041056895066,0.507114342535295,0.50719269546072,0.507276919363962,0.507364462860126,0.507460626141592,0.507562314363861,0.507667764191229,0.507776608320974,0.507888714665482,0.508006056243666,0.508128218359677,0.508254152878562,0.50838478344136,0.50852149862803,0.508664260399199,0.508814782017493,0.508974752819326,0.509126338755459
"GIN","Guinea",0.46777275039793,0.467807911019578,0.467830078073129,0.467849005942673,0.45800784454247,0.458218373859215,0.458346969173655,0.458519663318649,0.458762208427528,0.458988933496289,0.45919673297989,0.45942463361002,0.459669965344422,0.459919955629528,0.46016648905686,0.460409113981908,0.460647846291576,0.460879233459627,0.461104668696862,0.461327999625536,0.461550394889388,0.461770436642887,0.461984584259851,0.462192858518662,0.462379162378695,0.462560083157039,0.462733354385435,0.462900765568537,0.463062739024358,0.463062739024358
"GNB","Guinea-Bissau",0.612734989551225,0.613017778437923,0.613017778437923,0.613017778437923,0.613017778437923,0.613017778437923,0.612515982799476,0.612012871364601,0.611510059014529,0.611007325683768,0.610506224870123,0.610005397950031,0.609506397349833,0.609009048561404,0.608514835629431,0.608022015423901,0.607532093335499,0.607044996778545,0.606561673180243,0.606082080159623,0.605606689149364,0.605136427838895,0.604671737096113,0.604212642416366,0.603760045009583,0.603314398782838,0.602876160576366,0.602716087047458,0.602555634785467,0.602394428999062
"GUY","Guyana",0.459108995202231,0.459249729552139,0.459364924526611,0.459457425408981,0.459523588832464,0.459557432533373,0.459199305321219,0.458812747050997,0.458475973905166,0.45813848550048,0.457750132089747,0.457327647400956,0.456892943650695,0.45644649535081,0.455981205028546,0.455492927862642,0.454996069222391,0.454644987377849,0.454511862830301,0.45440182682874,0.454306612846711,0.454217812633254,0.454131960102256,0.455058719728518,0.45554500466817,0.455153440564758,0.455186836041835,0.45511636519194,0.455326205809722,0.455294492259806
"HTI","Haiti",0.512265570536538,0.512458894174766,0.512651251697347,0.512842524536985,0.513032803706551,0.513222432478915,0.513411034524507,0.513598254594853,0.513784489730932,0.513969314707046,0.514153293538278,0.514337107071728,0.514520236946605,0.514702587680897,0.514884285126264,0.514902403117758,0.514919781753145,0.514943257847634,0.514965693357458,0.514987227105149,0.51500802509452,0.515028000490422,0.515047180535697,0.515065636111081,0.515083389270748,0.515100199150829,0.515115670432725,0.51513059365019,0.515145719399297,0.515145719399297
"HND","Honduras",0.444943635652788,0.446138906614923,0.447290664975891,0.448351967234208,0.449377609861242,0.450415749048,0.45100984700018,0.451541506525743,0.450165670990427,0.448689181879188,0.447116896155377,0.445448894674853,0.443689916038716,0.441843239791125,0.439910746701358,0.437890288745137,0.43578538945724,0.433600068959093,0.431335681321866,0.428996760457905,0.427202308626479,0.426972176986976,0.426731973949163,0.426484663508016,0.426230823536108,0.425961883111894,0.425671962492156,0.425393056700325,0.42518600669947,0.424644207336924
"HUN","Hungary",0.762037597369874,0.755332349115738,0.754335714567281,0.753338732091507,0.752341210244795,0.751343953394341,0.749904097019402,0.748394377936849,0.746582232097783,0.744775055956674,0.742959431567074,0.74113662106253,0.739319923131519,0.737509114898835,0.758667427009137,0.735043504604145,0.731109415143895,0.726511653581883,0.728968037347678,0.695096860280612,0.695357705676862,0.691377386080531,0.707592621446299,0.709629830455857,0.69649510057366,0.694633006816111,0.692092042253758,0.695562741050903,0.694956989384536,0.694956989384536
"ISL","Iceland",0.154495859727545,0.154495439660868,0.154495019594191,0.154494599527515,0.154494179460838,0.154493759394162,0.15359099316741,0.152688236139183,0.151784642919815,0.150881048387563,0.149991196666962,0.1491013347011,0.148211480096429,0.147321631962713,0.146431781516594,0.145541926293953,0.144651370659605,0.143760658437059,0.142854620159844,0.141937834850464,0.141037677617758,0.140117693705491,0.139239300743324,0.138335716025014,0.137979733485767,0.13797973448728,0.137979728486193,0.137979729779865,0.137979728486193,0.137979728486193
"IND","India",0.539766441400261,0.540767596534397,0.542004593642535,0.543259704507655,0.54421779651169,0.545343156843411,0.544523924652007,0.543628658917248,0.54270279836554,0.537263066347085,0.53521515422478,0.532586001351508,0.530438187345334,0.528263789991596,0.526065656748824,0.523854326574335,0.52125440067324,0.518628517193025,0.515978589983196,0.513303182345686,0.510604007462516,0.507887601820695,0.504856153535313,0.502105501029161,0.49933760248357,0.496553302915121,0.493747677048169,0.490931490336662,0.488115262797089,0.485229760014416
"IDN","Indonesia",0.452583876211058,0.451873363250061,0.451899140516995,0.452245244676256,0.452469404533667,0.452810035224793,0.452780901771323,0.452736902654715,0.452709941252656,0.452682880855805,0.452659720003838,0.452737335151935,0.452625214676379,0.452611193780265,0.452599561385271,0.45259499608245,0.452614412246715,0.452637020168912,0.452661124681034,0.45268546030034,0.452552188365228,0.452581181845978,0.452128716271215,0.451678025004766,0.451230193106798,0.450782938847628,0.450334659417866,0.449891896460686,0.449811615853995,0.449701702887541
"IRN","Iran, Islamic Republic of",0.572792102819661,0.573901016834087,0.575225563365795,0.576530319598147,0.577152054560121,0.578435142182306,0.575817401902119,0.576841442535384,0.577496272388904,0.576257088873877,0.576045485661565,0.576068737387411,0.575690806233459,0.574698980982573,0.574633735966415,0.573342385253904,0.573298227143808,0.570855091468747,0.569118158325015,0.569026694690204,0.56905192173344,0.569006173110614,0.569080080791201,0.569119777525944,0.569119446937224,0.569055991622941,0.569010628148209,0.569047391506409,0.569087515442653,0.568880542239661
"IRQ","Iraq",0.652293683692082,0.652293683692082,0.652293683692082,0.652293683692082,0.652293683692082,0.652293683692082,0.651488835610933,0.650685430952213,0.649883468766127,0.64908295505837,0.64828388680159,0.647486740340304,0.646690551404632,0.645895807394842,0.645102950409621,0.644282147140996,0.64344758088538,0.642617832903996,0.641792851436548,0.636507290882277,0.615083191694845,0.628899125058885,0.641321451729167,0.613776770252053,0.6470770992376,0.649992297651514,0.653319883513405,0.656646414424564,0.659832771061603,0.659760050860976
"IRL","Ireland",0.373632782052677,0.373611007943442,0.373604415730361,0.373609531442558,0.373620559430282,0.373649045079948,0.373545956730862,0.373447256386251,0.373327398383994,0.37322162757504,0.371267204707975,0.369384219157977,0.367556855393038,0.365815307679331,0.364004984032019,0.362348901438353,0.360701582358751,0.359071671889135,0.357466250568309,0.355893389139434,0.354355299636927,0.351946629338695,0.34955789853134,0.347189568195355,0.34663887209158,0.345924070779296,0.345285371403635,0.344848141550782,0.344136783698445,0.343295293275759
"ISR","Israel",0.691078141852033,0.691078141852033,0.691078141852033,0.691078141852033,0.691078141852033,0.691078141852033,0.691077824473171,0.691104011511604,0.691130209531489,0.691156424783901,0.691182670900496,0.69120892906445,0.691235211967507,0.691261507743256,0.691287831172898,0.691314149750253,0.691340489211229,0.691366838745165,0.691393209406069,0.691419585996741,0.691445972290961,0.691472386938528,0.691498818207514,0.69152526205612,0.69155172483338,0.691578221898497,0.69160472047004,0.691631251010083,0.691657822822065,0.691684400094095
"ITA","Italy",0.438899011296539,0.439201861821307,0.43959658345858,0.439991149615127,0.439391662310388,0.439386227302323,0.437718457321372,0.436061049110742,0.434429639426299,0.432984750533513,0.431564789864749,0.430192890390935,0.428835345925276,0.444532605062691,0.428822807679806,0.428814232432493,0.428798736606083,0.428778379235211,0.428721788476621,0.428590125867366,0.428488758824959,0.428323779980567,0.428159866832116,0.427992985692507,0.428018963159704,0.42789019955923,0.427734101210021,0.427663952515935,0.427567670038969,0.427485780704256
"JAM","Jamaica",0.465171742258253,0.465759839917913,0.4663478625565,0.466935783536136,0.467523590310064,0.468111277557365,0.46869887882933,0.469286449210051,0.469874003977336,0.470461527373775,0.471049005290011,0.471636430679647,0.472223798888558,0.472811114710813,0.473398403791711,0.47398569824487,0.474573004346031,0.47516030620706,0.475747572991158,0.476334782567205,0.462083256383186,0.472376631997143,0.472099506604233,0.47182231405347,0.47154507041822,0.469320410003664,0.472183707771462,0.47218377079021,0.472183798433345,0.472183798433345
"JPN","Japan",0.330027597651528,0.33010592474921,0.330164843847006,0.330271198803597,0.330346899846464,0.330496665938092,0.329394020585499,0.328197085959406,0.328099333442888,0.327979851511951,0.327779533939912,0.327572363770313,0.327390600179751,0.327038058248978,0.326705594399001,0.326556576162246,0.326400903289466,0.326238739335332,0.326067023177834,0.325899083194247,0.325733229384254,0.325575148168483,0.325358107281568,0.32520282679158,0.324876208994568,0.325198678160742,0.32506968497101,0.324935317338103,0.324805066609451,0.324805066609451
"JOR","Jordan",0.774883584051121,0.774913232390247,0.774864984496293,0.77445428573503,0.769955854185472,0.763946244355806,0.753879719605817,0.762374497431677,0.763031407091744,0.774093668321239,0.774250425326378,0.771650207608037,0.768645013905031,0.765888494710273,0.763082742428426,0.760235477646907,0.757355158397795,0.754423519883024,0.751516851529655,0.74863731504492,0.745713697417449,0.742733428339274,0.739714786831537,0.736687516662793,0.733650075572423,0.730603434831568,0.727550259957642,0.724489083767425,0.72142085083062,0.718330379857165
"KAZ","Kazakhstan",0.452675653260145,0.447051969011952,0.441428284763759,0.435804600515566,0.430180916267374,0.428097281105876,0.42730366291111,0.427862974451313,0.426811696845043,0.425648137550748,0.425531017389545,0.414945899029999,0.415703669976749,0.407731609757746,0.412463295947887,0.405511892569848,0.40133853318603,0.401122489638216,0.399361855709004,0.396387814749622,0.390273356457669,0.387375140638953,0.3863564398018,0.388294751019673,0.387755561455591,0.389646887247964,0.389015515690011,0.3895330495989,0.389056048941494,0.389038205231336
"KEN","Kenya",0.392603893255505,0.393486712965628,0.394325582131682,0.395142634700568,0.395979379290521,0.396828832895014,0.400197939291596,0.403531646728106,0.406804214618945,0.409012637430423,0.411174529260313,0.41329453959167,0.415374563944476,0.417426680384851,0.419446586950814,0.42140175945903,0.42222789473664,0.422989478365027,0.423685217124499,0.424323940932211,0.424931237042111,0.432239877895383,0.432804085113574,0.433320141496327,0.433809297595744,0.434288496011774,0.434743779119733,0.435195745589431,0.435652797092086,0.435652797092086
"KIR","Kiribati",,,,,,,,,,,,,,,,,,,,,,,,,,,,,,
"PRK","Korea, Democratic People's Repub",0.427487413681391,0.427818051169883,0.428126103778684,0.428408474744538,0.428665861920682,0.428895240548246,0.429107888465301,0.429290508889883,0.424876532361524,0.425197890683223,0.4258003067676,0.426336231467459,0.425551551954121,0.426074977261218,0.426556490099066,0.427016433799098,0.42747659051039,0.427937796398307,0.428401715965203,0.428868090283571,0.429334733604715,0.42978959937826,0.430230116500451,0.430652632282041,0.43105584533163,0.431069234372776,0.431071778545424,0.431067331150122,0.431046824161352,0.431046824161352
"KOR","Korea, Republic of",0.385094923229051,0.38671693111454,0.388348502904136,0.390084296556003,0.391812616330534,0.393538927042947,0.395267557647671,0.396988673498899,0.397075788628119,0.397152602818677,0.394904255156774,0.39493639125505,0.394750411388575,0.394566144471537,0.39438525643682,0.394214599999706,0.394088159601646,0.393996830033695,0.393902285428252,0.393803567063776,0.393724921033748,0.393665223109587,0.393566532280575,0.393457240290405,0.393339364477739,0.393210457616807,0.393051496222537,0.392875854925639,0.392709708997764,0.392676136786223
"KWT","Kuwait",0.75,0.75,0.75,0.75,0.75,0.75,0.75,0.75,0.75,0.75,0.75,0.75,0.75,0.75,0.75,0.75,0.75,0.75,0.75,0.75,0.75,0.75,0.75,0.75,0.75,0.75,0.75,0.75,0.75,0.75
"KGZ","Kyrgyzstan",0.351897884208954,0.352038965259726,0.352180046307579,0.352321127355432,0.352462208414961,0.352603289454057,0.351450726399087,0.349831043361703,0.348212289811206,0.346592598135072,0.342460779641939,0.338277934634226,0.335200280351837,0.332072471414323,0.328893703219547,0.325647043280237,0.322333689373339,0.318955055641962,0.315514826453828,0.31201459933005,0.30845679191544,0.307652977450875,0.307627257148461,0.308511504355222,0.309992977133994,0.311802215941337,0.312930581420969,0.316982984871848,0.321904053102649,0.324470784482901
"LAO","Lao People's Democratic Republic",0.561324776491542,0.56238367277246,0.563611757737806,0.564518702693955,0.565512484994278,0.560813733421862,0.564672899170993,0.563461730434216,0.56366520417228,0.563808650785762,0.558787838119239,0.564644733124856,0.565254882264905,0.56583837746777,0.561493803785947,0.562103795486907,0.544128561654643,0.544955800015849,0.545755761508123,0.546522598810089,0.547199647864632,0.544327337664893,0.541173545884443,0.538091146064657,0.534841085892897,0.531377212322479,0.527711517607102,0.523857923449327,0.519917779100121,0.515216322342179
"LVA","Latvia",0.48527406851633,0.484883323268814,0.484512375426277,0.484149968729037,0.483811512135705,0.483446980158895,0.483052531499519,0.482621183909037,0.482338594380446,0.481991943822451,0.481644608418023,0.481286192407736,0.480642013793063,0.480200810315806,0.480839093281035,0.47896256235437,0.478932294636637,0.477207433519877,0.476431323594148,0.475213866694311,0.474658715722077,0.47408737638692,0.473401690512613,0.472795917381187,0.472147441225538,0.471559949456199,0.470946929397092,0.470335183337278,0.470282147909505,0.470212141188257
"LBN","Lebanon",0.589514253436561,0.590251818159397,0.590987589104108,0.591721499417797,0.592454629888104,0.588276936020811,0.587182177014555,0.586081121711663,0.584979460240052,0.583882233373731,0.581384655569349,0.583150412537794,0.584850090481953,0.586615121715134,0.588373542941342,0.590124459673363,0.591877152552609,0.593659920125501,0.595555450514323,0.597447821559343,0.599209460588696,0.598775740844595,0.59833686766247,0.597976412591309,0.597806502829678,0.597779487758657,0.597784156763734,0.597791928680748,0.597800395886375,0.597800395886375
"LSO","Lesotho",0.589712128226103,0.589896354993777,0.548376034326709,0.548657822980495,0.548795700085517,0.548853785022576,0.547239106338021,0.545497670083653,0.543617992402869,0.541568471624107,0.539351982819727,0.537410050976747,0.536026055858172,0.534767092918864,0.53350745556023,0.532241714947192,0.531009512749655,0.529924986009949,0.529011976538108,0.528228874775562,0.527440539217272,0.525600396606815,0.524821088688436,0.523999218288791,0.52312435496105,0.5222259638042,0.521281129324475,0.520272055960323,0.519249571881687,0.517621363103961
"LBR","Liberia",0.448066266375197,0.448224831041185,0.448632773447399,0.449118072978003,0.449362713048906,0.44951939351924,0.449642093300142,0.449748191697631,0.449781951471725,0.449830664281631,0.450001409334061,0.450201649147814,0.450370877595288,0.450502663859803,0.450601139096539,0.45068916182479,0.4508043308696,0.450904360622817,0.450964813705222,0.451020862547683,0.451075254457065,0.45112802861472,0.451177232113774,0.451225813921799,0.451274076091356,0.451323578650265,0.451372899983529,0.451421935745611,0.451471260477924,0.451471260477924
"LBY","Libyan Arab Jamahiriya",0.7959508999084,0.796016295800092,0.796077055355625,0.796135102019421,0.796192381055004,0.796254812833323,0.796323163253357,0.796393097711079,0.796464336534187,0.796536628302661,0.796608809786461,0.796677659293168,0.79674523865353,0.796813644216869,0.796879334573673,0.796942322141154,0.796867781396769,0.796784715093875,0.796848617100799,0.796908741093981,0.796958229105906,0.797004233644161,0.797051642968243,0.797099118069393,0.79714167665871,0.79717996121431,0.797215443427718,0.797249607399985,0.797280423512701,0.797280423512701
"LIE","Liechtenstein",,,,,,,,,,,,,,,,,,,,,,,,,,,,,,
"LTU","Lithuania",0.543700389526602,0.541224880495142,0.538750384970058,0.536276361317658,0.53380302265337,0.531333158456986,0.528259793695501,0.526677716142373,0.525092951644596,0.521378730022397,0.517591132475131,0.514259918537083,0.510933386064286,0.504259304777448,0.497573872114701,0.490814073449123,0.4840046059331,0.480165868290017,0.476330880661625,0.472487473283078,0.469670316742712,0.465902063813869,0.462669363303172,0.461793861862749,0.461691991908631,0.461798329221972,0.460805908862087,0.459806469358375,0.459352830578542,0.459318755823757
"LUX","Luxembourg",0.565797593137524,0.566019774519312,0.566234308745575,0.566446824749209,0.566665422894703,0.566555889966411,0.566437689713033,0.566304048778034,0.566179598330089,0.566066062690227,0.565957649945435,0.565851706150472,0.565741791530482,0.565643789326095,0.565547354062691,0.565730359448256,0.565657706916197,0.565588747152756,0.565539994114194,0.566115910074328,0.566100956186753,0.566198076896561,0.566508834896489,0.567574525288515,0.567236773422523,0.567085405097306,0.566888694715027,0.567208288737379,0.567273378218543,0.56726734468011
"MKD","Macedonia",0.515361258795147,0.515603982876874,0.510123203800256,0.504616204607966,0.499085446954228,0.493530639136848,0.492938282958564,0.492330633855735,0.483834020324825,0.488603108317321,0.493286427233141,0.485254640447307,0.477067822117513,0.483353294193269,0.489651218189642,0.485757459275894,0.481810615402562,0.477806289791551,0.473772313669747,0.478187282704504,0.48254167201966,0.486842060951,0.500931739046708,0.515182090794261,0.499848560258612,0.494851198751229,0.497551351604567,0.513128281656851,0.512790278138788,0.512725872106631
"MDG","Madagascar",0.481969725993629,0.48193924468115,0.481907794819655,0.48187508775602,0.481840606042921,0.481803809006387,0.481023954358168,0.480216195671689,0.479381395077666,0.47851990893124,0.477525981147999,0.476492719498352,0.475427905694572,0.474331024815552,0.473203921248708,0.472045823832748,0.470856881120848,0.469637294273618,0.468387899051548,0.467117894287944,0.466216123606007,0.465293138156814,0.4643491099952,0.463383779802135,0.462397636461853,0.46138929702443,0.460359648038899,0.459307668703011,0.458234574133559,0.457583306846254
"MWI","Malawi",0.602457805757783,0.602901179302432,0.603344551521874,0.603787954399827,0.604231389890586,0.604674827365481,0.604501569494797,0.604313506123982,0.603715183285946,0.603102122909917,0.602473737992892,0.601775273713037,0.60106152199874,0.600333142167788,0.599582412749636,0.598809144743894,0.59801250884012,0.597192989045911,0.596349105666746,0.595482034284635,0.594589604703862,0.593673711724157,0.592732176157534,0.59176485607948,0.590772319972206,0.589753056090341,0.588707645887056,0.587634570630979,0.587214842717431,0.586782802877622
"MYS","Malaysia",0.329211774790855,0.32987757503293,0.331004395865714,0.33209021381057,0.333120007608542,0.334109049977445,0.334823448371327,0.335525829084578,0.336190201753678,0.336611845984763,0.337213500445708,0.337786611946416,0.338328189210696,0.338831286595651,0.339289947047429,0.3396999839695,0.340088844564826,0.340460197680224,0.340828603928673,0.341193042222787,0.341558132606184,0.341998661893822,0.342392584802948,0.34272616189101,0.34302647056864,0.343250697639079,0.34342437160795,0.343611634810494,0.343809238533406,0.343674347491314
"MDV","Maldives",,,,,,,,,,,,,,,,,,,,,,,,,,,,,,
"MLI","Mali",0.447988636653594,0.450215245757302,0.452446357873877,0.454809275474716,0.457284601604689,0.459792002215685,0.462303186202501,0.464143934044998,0.465969669054976,0.467771380861055,0.469536679451524,0.470575727864757,0.472219207167438,0.473791085356291,0.475299206483697,0.476754895835816,0.478157222594153,0.479385587795788,0.480578924861237,0.481831596945707,0.483033303303707,0.484211944331,0.485361370799463,0.486453136803053,0.48747553256462,0.488467327560317,0.489443098920541,0.490373944408784,0.491266721586167,0.491266721586167
"MLT","Malta",0.54158891638771,0.545911977607118,0.550235041654697,0.554558102874105,0.558881166921685,0.563204228141093,0.567527294420879,0.571850358743885,0.573434129551203,0.573547257848409,0.576601681837447,0.578185461663933,0.579769234123692,0.576941062494885,0.565358344612021,0.591396172439712,0.583495933858875,0.589170925988201,0.606158603408283,0.603066264287107,0.594034761095855,0.594336223128091,0.605950372895655,0.596733958770507,0.591093905688126,0.592706728330145,0.587998032953054,0.579636977938105,0.579655619515402,0.579674260283846
"MHL","Marshall Islands",,,,,,,,,,,,,,,,,,,,,,,,,,,,,,
"MRT","Mauritania",0.981962051023876,0.982177819709257,0.982415832088371,0.98268630968403,0.982957911927654,0.983233103045486,0.983470828098958,0.983678849578665,0.983889327770442,0.984100492823141,0.984313229591657,0.984527831538896,0.984744863563657,0.984978304440127,0.985224878581582,0.985468557373014,0.98570848094169,0.985942079073787,0.986159426991449,0.986361883294057,0.986557940105488,0.986747685986101,0.986931212374045,0.987108501720663,0.987279450488012,0.987443621707803,0.987601244034955,0.98775660332067,0.987909352953974,0.987909352953974
"MUS","Mauritius",0.491800993529054,0.491753685115286,0.491704203213357,0.491651590288003,0.491598476804427,0.491544814773777,0.494550370280205,0.496237490927807,0.499248483790511,0.497949080134816,0.496648485956221,0.495967994932107,0.491936139035615,0.50254273014164,0.492120609084494,0.492521221782699,0.487392110686267,0.488257370948654,0.490287494841776,0.491225013818138,0.4906028148194,0.491224419759187,0.48971381379258,0.488227758573591,0.488530176767666,0.489453834536876,0.489207335553742,0.491375268089993,0.491366084215934,0.491366084215934
"MEX","Mexico",0.460395938136272,0.461438464098327,0.462403770255124,0.463197461358405,0.464141135510727,0.465012066402009,0.465638529082426,0.447915155030079,0.468456098621955,0.468974796883941,0.46965603055576,0.469361032524193,0.470296157044517,0.47106561593822,0.47143446669597,0.471736367961581,0.455822678697589,0.473468447338187,0.473374530726595,0.474766159178327,0.475211971610749,0.475684078947534,0.476263501546982,0.476754251942596,0.477079746322094,0.477243329595387,0.477422314397804,0.477445188697789,0.477650311573618,0.477554225087154
"FSM","Micronesia, Federated States of",,,,,,,,,,,,,,,,,,,,,,,,,,,,,,
"MDA","Moldova, Republic of",0.804678734139426,0.838882137754345,0.791925832783499,0.788954008674402,0.785970965776023,0.782978580233944,0.734054335133242,0.729922026379957,0.726235901965213,0.721581631324059,0.717721343893315,0.713790830814719,0.709615933867172,0.705990728759541,0.702034269091801,0.696424626721996,0.69163080841889,0.687389637222207,0.681851633547997,0.676986394731442,0.676563690527835,0.675972549240137,0.6750350734038,0.674015040231133,0.673413884583268,0.673227129220986,0.672397672019578,0.671877799742425,0.671404670566276,0.670784566098333
"MCO","Monaco",,,,,,,,,,,,,,,,,,,,,,,,,,,,,,
"MNG","Mongolia",0.636176652712192,0.636265376978389,0.636348986200438,0.636427911909899,0.636501695207387,0.636574612428229,0.634887860732427,0.633157848054439,0.631385691922655,0.629573257932233,0.627642643827095,0.62584321006624,0.623910650078387,0.621951440574717,0.619972009521367,0.617873337450416,0.616103551060665,0.614515997157208,0.612914137906344,0.611296106994468,0.609657312761617,0.608214168638528,0.606613531708881,0.604980046784787,0.603315059623911,0.601611849452075,0.599868531599773,0.59809074154825,0.596282606462784,0.594403127237475
"MNE","Montenegro",0.617367184910065,0.617367184910065,0.617367184910065,0.617367184910065,0.617367184910065,0.617367184910065,0.617367184910065,0.617367184910065,0.617367184910065,0.617367184910065,0.617367184910065,0.617367184910065,0.616906568068094,0.616503099772594,0.616123211574356,0.615755285662736,0.615544930566427,0.615378097454545,0.615019060750638,0.614418037987638,0.613585043984471,0.612664788778429,0.611750938877872,0.610799197925945,0.609873274124314,0.609011014155467,0.608232497063498,0.61008743185078,0.613216398761752,0.613166451144401
"MAR","Morocco",0.637018554653315,0.631514618352415,0.633432144760865,0.634834369734893,0.636204572447602,0.638100946306536,0.641734709113348,0.646379027471617,0.644435287970909,0.639814400838481,0.636223176778951,0.63045912958094,0.62507021023106,0.619570296769308,0.614048234993035,0.608563571418085,0.605601936900781,0.602528874427458,0.599380910171101,0.596247565099547,0.5930507562096,0.589810173466642,0.586525218233762,0.583176556885163,0.5797730186967,0.576331100190332,0.572851681046813,0.569360687252931,0.567041068965678,0.565619093627278
"MOZ","Mozambique",0.435271543072366,0.43530935813531,0.435347173198254,0.435384988259774,0.435422803322718,0.435460618384238,0.43541436199092,0.435468358007981,0.43861992980775,0.441556096259633,0.444264895211622,0.446861657508333,0.449351535471584,0.451634223531741,0.453911782538911,0.45642526596289,0.458999481248698,0.461524593976449,0.463913302539393,0.4661541906196,0.468243181133605,0.470161449864013,0.471996873103263,0.473676410857126,0.475167885214823,0.476547782173963,0.477784710896271,0.478882005014831,0.479859017005971,0.477989456726815
"MMR","Myanmar",0.50269582466069,0.502798549028824,0.502900432635465,0.5030007211395,0.50309835161435,0.50319367332879,0.500683752488834,0.498115763192811,0.495443304781609,0.492757626471336,0.479623912391177,0.476897574471146,0.474050449577367,0.471187853769975,0.468270824632814,0.465323162803557,0.462664994294743,0.460331020702369,0.457961640609865,0.455552579787814,0.453096811402927,0.450598197820887,0.448056769159526,0.445470389708419,0.442844634433788,0.440831933424711,0.439754635731814,0.439722604704511,0.439684554370987,0.439554901391956
"NAM","Namibia",0.75443219723731,0.754864717555936,0.755640659834754,0.756392842638668,0.757120706872414,0.757832124953615,0.757989875161253,0.758076677461415,0.758094444700282,0.758077434315308,0.758053426345024,0.758031040234608,0.758021698050245,0.758015808850344,0.758018745076555,0.758031031463843,0.758067108988988,0.758181493024227,0.758347323719989,0.758488502484983,0.758639490396501,0.758786391626867,0.758928059916415,0.759064229919941,0.7427387292182,0.743345722736213,0.743738296526835,0.744511017185846,0.745191312310896,0.745191312310896
"NRU","Nauru",,,,,,,,,,,,,,,,,,,,,,,,,,,,,,
"NPL","Nepal",0.547163117995314,0.547166672435893,0.547169948655108,0.547172984974689,0.547175805519473,0.547178382597043,0.546688276957814,0.546253977507625,0.54582045753654,0.545387732339417,0.544955845339697,0.544534278880386,0.544113505091629,0.543693832648088,0.543275329829861,0.542858073246891,0.542441788023729,0.54202583681142,0.544444285817755,0.546904784615057,0.549407462986652,0.551951146372432,0.554535294648064,0.557159693705079,0.559825152588642,0.562530706331217,0.565274786010533,0.565043526543437,0.564811060530179,0.564578285900319
"NLD","Netherlands",0.609927021343507,0.606214980833143,0.612600014707933,0.61901481363207,0.625442305980622,0.631875686002549,0.638317115521895,0.647033845692661,0.655709855611529,0.664355424810835,0.67297364026498,0.669062041453157,0.665163750017938,0.662253527611256,0.671467957068162,0.665360394641278,0.655865735597909,0.662790047051867,0.661872906406751,0.647029636359768,0.633126800949944,0.628226486266336,0.626982958231868,0.629382483444441,0.63360087392787,0.632464699379415,0.627913424420411,0.631871487827643,0.632101848020407,0.632104516530631
"NZL","New Zealand",0.171245865957776,0.171284550997033,0.171323236036727,0.171361921075984,0.171400606115678,0.171510920873684,0.171621233817439,0.171731546581245,0.171841866422821,0.171952179903965,0.172062497274711,0.170517022914414,0.168893239391216,0.16726944341175,0.165700852837911,0.165742743592388,0.165911937620932,0.165841251241722,0.166235108640764,0.167550767554373,0.169023682076766,0.170688937567422,0.172129850164699,0.173152598529713,0.174094005942472,0.174720208841865,0.174254818939577,0.174912495018317,0.176022877596945,0.176022877549134
"NIC","Nicaragua",0.244735967076313,0.244735967076313,0.244735967076313,0.244735967076313,0.244792460314373,0.244847746677556,0.244904239916713,0.244923612608596,0.244942985301576,0.244962357994557,0.244981730687537,0.244993799436302,0.245005868185068,0.245017936933833,0.245001601233958,0.244985265534083,0.244968929834208,0.244938193922738,0.244907458012365,0.244876722100895,0.244845986189425,0.244815250277955,0.244784514366484,0.244753778455014,0.244722362304977,0.244723042543544,0.244723042543544,0.244723042543544,0.244723042543544,0.244723042543544
"NER","Niger",0.49730361593234,0.498710986474159,0.5001177880413,0.50152439192939,0.502930757759094,0.504336769303593,0.505742485461749,0.507147840854329,0.508552869374903,0.509957591849584,0.511361996759767,0.514245319148176,0.51710122109117,0.519976893085652,0.522860459646122,0.525743636482798,0.528626402038667,0.531508921637544,0.534391021909231,0.537272586697327,0.547564830819581,0.548831936345896,0.540715712454997,0.582356741334811,0.58979701242395,0.589803762315494,0.589810204470184,0.589816435559684,0.589822546085266,0.589822546085266
"NGA","Nigeria",0.51884758234395,0.51958297922874,0.520303831381357,0.521011661039234,0.521713296541164,0.522409034056624,0.522413502544295,0.521654391578883,0.52084429649743,0.519982761489438,0.51906753475272,0.518049954280172,0.516979881033722,0.515857261182997,0.514681484307745,0.513452219370746,0.512056248480104,0.510765624921486,0.510104785394688,0.509430440117332,0.508739973648802,0.508040205873645,0.507334104044907,0.5066145788339,0.505883283783372,0.50514668023298,0.504408640490893,0.5036725406591,0.50293943930656,0.502197478659336
"NOR","Norway",0.176091533460569,0.176101345508859,0.176092422207535,0.176083498906583,0.176074575605259,0.176096303452103,0.176157142393546,0.176151500058851,0.176207944665466,0.176341401845227,0.176362437146687,0.176484378115338,0.1765641488717,0.176577087800844,0.176590021323687,0.176623461279245,0.176656869131713,0.176690305423154,0.176745810101042,0.176802380402448,0.176825158664798,0.176847929032809,0.176911138324026,0.176957563817178,0.177004067499054,0.177050496643052,0.177082104541188,0.177146305163985,0.17719355006458,0.177240774267052
"OMN","Oman",0.649856909210485,0.651271195568449,0.652684703992595,0.654096205048578,0.655506267141512,0.658375762459921,0.655451348276743,0.653941102082489,0.646772650638582,0.651127414411181,0.655109290120058,0.659029145187204,0.663021754789824,0.667019082704333,0.671022598766209,0.675037838983335,0.678983059376543,0.682824381932421,0.686613865165654,0.685822422556314,0.685058571006901,0.684322272409434,0.683609565070764,0.682914324203865,0.682280587092653,0.681779550901083,0.681516338176442,0.681318625069281,0.681149437829078,0.680947650421901
"PAK","Pakistan",0.764163897680818,0.764415039433317,0.76465216652015,0.764877296447804,0.765093216525909,0.765311164532413,0.765328755650319,0.765315845143742,0.765293230734826,0.765273885632827,0.765242760169758,0.765212954160623,0.765194650729987,0.765172289803774,0.765143192132938,0.765106834941017,0.765054166332877,0.764980676533965,0.764890453844043,0.764792621255736,0.764689091533852,0.764579991380614,0.764476800866843,0.764384033915488,0.764294023935016,0.764208935602187,0.76412716972977,0.764037913268092,0.7641084862087,0.764104382105447
"PLW","Palau",,,,,,,,,,,,,,,,,,,,,,,,,,,,,,
"PAN","Panama",0.297635089800503,0.300895950070782,0.304072827053184,0.307165437729506,0.310173244292392,0.313096576922194,0.315937644404998,0.318700235854886,0.320104969827247,0.322753890094472,0.325326054834301,0.327808942141148,0.330219934751967,0.332570194648897,0.334857385268522,0.337064514125918,0.334522382954315,0.336776808141667,0.338990542671092,0.341061504961,0.343176743212157,0.3451417869816,0.347104743274306,0.348989611850151,0.350752917191195,0.352252677103926,0.353554085932357,0.354902199766964,0.356278163988426,0.356278163988426
"PNG","Papua New Guinea",0.414301204607056,0.423421985621667,0.423421985621667,0.423421985621667,0.423421985621667,0.41577182184637,0.423428442062219,0.423434898502772,0.423441354943324,0.423447811383876,0.416973230751653,0.423454267824429,0.423454267824429,0.423454267824429,0.417734994590913,0.417905133747153,0.423454267824429,0.423454267824429,0.423454267824429,0.423454267824429,0.423454267824429,0.423454267824429,0.423454267824429,0.423454267824429,0.423454267824429,0.423454267824429,0.423454267824429,0.423454267824429,0.423454267824429,0.423454267824429
"PRY","Paraguay",0.405981858510624,0.40598749254147,0.405993126571096,0.405998760601942,0.406004394631568,0.406010028662414,0.404754665353275,0.403519434387116,0.402462260389422,0.401446139648435,0.400440093679788,0.399444695131358,0.398459886883442,0.397485090227667,0.396503430748282,0.395532266729127,0.394533292267724,0.393591655966342,0.392479622322262,0.391382312171412,0.390293944387704,0.389214048951941,0.388143440714363,0.387076986165496,0.386015934496099,0.384960355314678,0.384538032660894,0.384195483969577,0.383977338581662,0.383854049901583
"PER","Peru",0.462059002831979,0.462227544166241,0.462191911819961,0.462355895611766,0.462255561848154,0.462382178558531,0.461696012949036,0.461029240482648,0.46040358094023,0.459854098186078,0.458935227997397,0.458261225220755,0.457709720797105,0.457243754582647,0.456829768627215,0.456601211299499,0.456381218515874,0.456117375654927,0.455906897990168,0.455723373178087,0.455549217923363,0.455407872172902,0.455279222875599,0.455175185968258,0.454958714148088,0.454587796655698,0.452978403544948,0.454267898861337,0.455616262522461,0.456894405022026
"PHL","Philippines",0.398459376325676,0.398112760170801,0.398187347441261,0.398265156084907,0.3983422618645,0.39841228492209,0.398290058279148,0.395630104814088,0.393800408257256,0.392942924278972,0.392786359728846,0.393016078769842,0.393235727121352,0.393367928413963,0.392925122160334,0.393257260212436,0.393198547047141,0.392960717903835,0.392723167053102,0.392415115049592,0.392692238983155,0.392593811420612,0.393666932591184,0.3934456268776,0.391269397490561,0.391363836005246,0.391456811865529,0.391692173089215,0.391314915512071,0.390909861374879
"POL","Poland",0.446786593702362,0.446473234868257,0.445895136438931,0.445310416348664,0.444732508107965,0.444157041463204,0.443567604621229,0.442976869517587,0.443090049792002,0.443244999504032,0.443347589853374,0.442862156077722,0.442336673193045,0.439908699587824,0.439655136525407,0.43813915931078,0.44112453506439,0.44015727575334,0.439770358239641,0.438379738770985,0.43813558772545,0.437956698191033,0.437478564315076,0.436458478769932,0.43509412933538,0.434931905110168,0.437400738609699,0.438639222915331,0.439557497184067,0.440423764062191
"PRT","Portugal",0.548536910664176,0.546496125698357,0.544476004374506,0.54247318554504,0.541762954368767,0.540606112849419,0.539883157993707,0.52219706053046,0.521446887063988,0.520629932149669,0.519785927834772,0.518164090973378,0.518524871532713,0.518280617438347,0.51801213916818,0.517571582180696,0.517027117942285,0.516385142082646,0.515751638324993,0.515131595095964,0.514587128745106,0.514100646283315,0.504945891755051,0.50468170623741,0.504648974893914,0.504662815041336,0.504647980287104,0.504661966915351,0.504622166256783,0.504533877348703
"QAT","Qatar",0.614311313288287,0.614311313288287,0.614311313288287,0.614311313288287,0.614311313288287,0.614311313288287,0.614311313288287,0.614311313288287,0.614311313288287,0.614311313288287,0.614311313288287,0.614311313288287,0.614311313288287,0.614311313288287,0.61361108688041,0.612910775796471,0.612681303999748,0.612983922308225,0.613286579332229,0.613589275071758,0.613892009526813,0.614194782697393,0.614497594583499,0.614800445185131,0.615103334502289,0.615406262534973,0.615709229283182,0.616012234746917,0.616327152970377,0.616327152970377
"ROU","Romania",0.586031949003345,0.579801507068624,0.573715267170729,0.574607190618312,0.574123560771026,0.563898156145884,0.561852902964918,0.562292422908759,0.559646685557545,0.554726573812524,0.551050342872569,0.548172083285639,0.553169966620345,0.554074598596394,0.552696438932,0.550258427942783,0.551282171715252,0.55076281203527,0.550453847549549,0.549902095827562,0.550410010301722,0.549984793782031,0.551206502757901,0.549862331654328,0.551647347301641,0.552817429960498,0.554148479503971,0.554935589766764,0.554786233633157,0.554686836817365
"RUS","Russian Federation",0.170350305864623,0.170299502809794,0.170248699755297,0.170197896700468,0.17014709364597,0.170361362350461,0.17004187071253,0.170007642557221,0.169956745708528,0.169899917298794,0.170003100787932,0.16978603206282,0.169728978836083,0.169671847373966,0.169615095018294,0.169802919558516,0.169500454429641,0.169521615805677,0.169366679671869,0.169629010380054,0.169283038640617,0.169285507683242,0.16919088510137,0.169116179188691,0.169021625220132,0.168920762039015,0.168813550707953,0.168700444531564,0.168580922197102,0.168455443015416
"RWA","Rwanda",0.563364911466812,0.563364911466812,0.563364911466812,0.563364911466812,0.563364911466812,0.563364911466812,0.56373220230933,0.564099493169889,0.564466784012407,0.564834074872966,0.565201365715484,0.565650071920481,0.566098778143518,0.566547484348515,0.566996190571553,0.56744489677655,0.567893602999588,0.568342309204585,0.568791015427622,0.569239721632619,0.569688427855657,0.570137134078694,0.570585840283691,0.571034546506729,0.571663660294946,0.571663660294946,0.571663660294946,0.571663660294946,0.571663660294946,0.571663660294946
"KNA","Saint Kitts and Nevis",,,,,,,,,,,,,,,,,,,,,,,,,,,,,,
"LCA","Saint Lucia",,,,,,,,,,,,,,,,,,,,,,,,,,,,,,
"VCT","Saint Vincent and the Grenadines",,,,,,,,,,,,,,,,,,,,,,,,,,,,,,
"WSM","Samoa",0.543923157008014,0.543954253106619,0.543984318567053,0.544011551535387,0.544038629004755,0.54406604082593,0.544028475702365,0.54414506789703,0.544338916663409,0.544528562590137,0.544291348777812,0.544055230379918,0.543822816580669,0.543594496172785,0.543367770172545,0.543143414299587,0.542923403245203,0.54271615265509,0.542515367848188,0.54206619484522,0.541622137232059,0.541182365022085,0.540748575329668,0.540307372658043,0.539852472550853,0.539453668485685,0.539201659243542,0.539007720649655,0.538872979080488,0.538700364501595
"SMR","San Marino",,,,,,,,,,,,,,,,,,,,,,,,,,,,,,
"STP","Sao Tome and Principe",0.525665395838432,0.525947246878901,0.526214370452148,0.526465891627218,0.526702142018714,0.526925979371969,0.526473621434448,0.526044879381048,0.525613666667338,0.52516306160656,0.524698822022424,0.524221966238621,0.523732973407525,0.523230682213467,0.522713466090684,0.522177585460366,0.521625683531554,0.521060647264218,0.520490496102685,0.519914623361807,0.51933398541661,0.518748000582777,0.518061220847943,0.517372671978961,0.516684653736251,0.516027165637214,0.51538494572356,0.515050031528608,0.514928833884551,0.51467655261223
"SAU","Saudi Arabia",0.797628840806677,0.797721719691344,0.79780792770046,0.796778454333147,0.796892950454858,0.797026585246414,0.797057669251404,0.797166367730912,0.797290336934153,0.797404167090568,0.797511387711369,0.797615674003257,0.797712585832895,0.797802908620277,0.797887260427305,0.797966159178055,0.798040056282571,0.798109350443621,0.798174406341279,0.798235555273624,0.798293054187252,0.798334334465719,0.798337829682472,0.798314987918202,0.798320942755596,0.798349028648468,0.798366797009938,0.798409789092517,0.798461846267239,0.798461846267239
"SEN","Senegal",0.554819514450895,0.554946509095385,0.55507173190203,0.55519606031558,0.555320147852021,0.555444046833424,0.556827342597419,0.558211577397652,0.557864587433737,0.557456611462288,0.557050217216426,0.556644337325585,0.556239584998686,0.555840676738216,0.555439957528382,0.555040118974026,0.554642662477893,0.554248087847516,0.553856875936241,0.553468240792219,0.553075915368502,0.552680589489959,0.55227017852254,0.554825255016823,0.554524227390314,0.554022609862421,0.553518162307824,0.553011635763451,0.552503544526561,0.551980124657005
"SRB","Serbia",0.650265983483834,0.650265983483834,0.650265983483834,0.650265983483834,0.650265983483834,0.650265983483834,0.650212989686591,0.650159725948924,0.650106487980494,0.650052376104032,0.649998605194149,0.649944552671775,0.651567365099691,0.666400439493477,0.665123100014155,0.660623137936836,0.66724973915788,0.66005872435961,0.66616953286811,0.65026016229857,0.665497492820525,0.665713520510927,0.679235182796482,0.682755833575291,0.683821505118897,0.673034294958823,0.667361543518844,0.6724938949903,0.672384764159244,0.672314955279387
"SYC","Seychelles",,,,,,,,,,,,,,,,,,,,,,,,,,,,,,
"SLE","Sierra Leone",0.516399248984565,0.516416930126817,0.516452455503907,0.516480981850635,0.51649920992353,0.516557860573755,0.516488486187957,0.516293563056023,0.516052345455937,0.515786837045549,0.515487894134082,0.515159009903923,0.514820881051308,0.51447869227303,0.514130827432482,0.513774750241927,0.513408502588109,0.513032950199145,0.512648659122723,0.512255816712862,0.511854794014427,0.51144718326372,0.511032516993785,0.510610090240327,0.51018055532329,0.509744469001079,0.509301992061871,0.508853387239778,0.508399296689207,0.507916519233655
"SGP","Singapore",0.448728783925624,0.448767377550648,0.448803606910173,0.448830610475792,0.448846676510099,0.448863055897675,0.448881651011815,0.448888521661887,0.448886598339918,0.448894229002472,0.448914714878145,0.448942856522566,0.448978553677545,0.449014870464565,0.449040732822721,0.449057141606094,0.449072406490873,0.449087865057497,0.449100215972903,0.435040940114449,0.394049800215525,0.394713297355283,0.391717214132289,0.388578776936988,0.389925514994921,0.391547774610713,0.348810663190534,0.306095213931595,0.306111458396002,0.306111458396002
"SVK","Slovakia",0.578072115864233,0.577661969904397,0.577249759816867,0.576597641597607,0.576082727605738,0.575564224646675,0.57512863371862,0.573614559477872,0.571827966623244,0.570043051554512,0.568258504335525,0.56593823245503,0.563616256956865,0.562264447503384,0.560791408307761,0.559410296988778,0.558249327144135,0.55858025898207,0.558180314543851,0.557209476690355,0.557286571769056,0.556998944823976,0.556933652822574,0.556856973980238,0.556801452886937,0.556673882691994,0.556673776043379,0.556621060284827,0.556632361732653,0.556534763092107
"SVN","Slovenia",0.529490919993223,0.529490442669571,0.52948956282369,0.529487965943282,0.529488382881437,0.529490451106977,0.529499251864358,0.52950769546072,0.52957800141224,0.529648356802141,0.529719552874647,0.529774683661906,0.529831533460956,0.530643339289646,0.529910457394907,0.528822163162143,0.527288590910153,0.526924883009065,0.527707499498103,0.525407688877029,0.52381161909901,0.522778633112789,0.522087165731178,0.521357164145016,0.520273293995853,0.519772653757251,0.518267048851969,0.51651339435388,0.515849203475367,0.515849203475367
"SLB","Solomon Islands",,,,,,,,,,,,,,,,,,,,,,,,,,,,,,
"SOM","Somalia",0.685314360496599,0.690763374936577,0.69621238940512,0.701661403845099,0.707110418313642,0.71255943275362,0.712636556995447,0.712713681237274,0.7127908054791,0.7127908054791,0.7127908054791,0.7127908054791,0.7127908054791,0.7127908054791,0.7127908054791,0.7127908054791,0.7127908054791,0.7127908054791,0.7127908054791,0.7127908054791,0.7127908054791,0.7127908054791,0.7127908054791,0.7127908054791,0.7127908054791,0.7127908054791,0.7127908054791,0.7127908054791,0.7127908054791,0.7127908054791
"ZAF","South Africa",0.546987009898377,0.547282017030118,0.547544970011418,0.547577256993832,0.547805544002821,0.547749135428766,0.547787595876641,0.547352904687518,0.546916690101734,0.546488719568118,0.545930099732423,0.546123994134358,0.546603478426573,0.54701987684307,0.547583682867481,0.548167741961793,0.548771358685666,0.549473338432031,0.545993605405065,0.553085011186819,0.560279152692423,0.561486805163109,0.5625285270081,0.563575658944261,0.564957064665312,0.566195720286559,0.568685657101618,0.570571531802524,0.571751741541982,0.572671071788431
"ESP","Spain",0.385860106746899,0.384817973519327,0.384211337497402,0.385099516093198,0.385596140596565,0.38656091685322,0.386475471005924,0.386698931535135,0.387604137642029,0.389274614434165,0.390910483831318,0.390125146206632,0.389404957006903,0.389767442245712,0.391859418651495,0.390624941833607,0.390859365399377,0.392563346437544,0.387286374040728,0.387838915093493,0.386068530098791,0.385769737187768,0.384490162303978,0.383868791958106,0.383995492340358,0.384019016058315,0.384101912761837,0.384221312786893,0.384330960152118,0.38435772236375
"LKA","Sri Lanka",0.3924671003709,0.389942199175093,0.391084076647732,0.392219542209508,0.393346161366771,0.394463477014127,0.394459231527416,0.394384221219169,0.394267872158104,0.394144062115684,0.39401545917409,0.393794396727707,0.393575750438541,0.393353263334223,0.393124088342044,0.392892446750377,0.392663397874317,0.392450715191248,0.392237768466624,0.392006481621777,0.391753774837461,0.391482795891034,0.391191269016427,0.391043995420309,0.391567486598296,0.392080439242679,0.392582177420295,0.39307951651446,0.393577783979477,0.39343529402137
"SDN","Sudan",0.810653539189577,0.810653539189577,0.810653539189577,0.810653539189577,0.810653539189577,0.810653539189577,0.810653539189577,0.810653539189577,0.810653539189577,0.810653539189577,0.810653539189577,0.810653539189577,0.810653539189577,0.810653539189577,0.810653539189577,0.810653539189577,0.810653539189577,0.810653539189577,0.811322476264501,0.812087583100729,0.812923830537677,0.813733195087783,0.814625997431745,0.815494266938611,0.816201807961166,0.816831811346863,0.817446425914778,0.818046405813624,0.818335091416313,0.818335091416313
"SUR","Suriname",0.332041794731784,0.332065099129938,0.332088403529535,0.33211170792769,0.332135012325844,0.332158316723998,0.331747945711036,0.331338210868778,0.330930162387178,0.330523273398463,0.330181631336419,0.329845028802294,0.329520857210411,0.329195605285029,0.328868803687876,0.328541400802474,0.328212919203966,0.327883358117786,0.327552715886044,0.32721370742004,0.326866297529732,0.326511338140776,0.326149228509344,0.325779980008326,0.325404803383713,0.325022925255459,0.324996212689555,0.324962625582252,0.32492293311717,0.324876366138375
"SWZ","Swaziland",0.632278596661704,0.633521980079433,0.634744464431264,0.635922132101749,0.637077309432534,0.638225125610512,0.624355461768667,0.62399046396476,0.623598244714901,0.623187470284076,0.62276070855476,0.622042135869326,0.62129366183957,0.620266008464649,0.619331742802328,0.61854856824562,0.617756360735738,0.617234166184677,0.616716406221817,0.616205748192198,0.615701578247729,0.61519669817,0.61472584191755,0.61428773057005,0.613847940571399,0.613436419908394,0.613036059124455,0.612602724011292,0.612153506835128,0.611511188095314
"SWE","Sweden",0.17455911879744,0.174553272255391,0.174547425713342,0.174541022357487,0.174534619002466,0.174528215646611,0.174497933329426,0.174477427804053,0.174444459247273,0.174411588461664,0.174378822221053,0.17435747716222,0.174335588295054,0.17537515996326,0.176774803784548,0.178150773185282,0.179288982239497,0.180394853126271,0.181664647251099,0.183150988299366,0.184722133705294,0.186652244543201,0.188697829003124,0.190438609707238,0.191940288964505,0.192997922512705,0.193852292651559,0.194829656420353,0.195697555425678,0.195696607859834
"CHE","Switzerland",0.459164846332295,0.459157612154114,0.45910975383938,0.459140916223804,0.459207123153224,0.459289112053986,0.459376682846778,0.459489668179326,0.459453624856734,0.459405148352805,0.459346847178419,0.459284573325418,0.459271306129762,0.459327025935127,0.459375806222394,0.459400873214038,0.459422492615631,0.459414681735487,0.458627256688839,0.458782882351456,0.458985737264474,0.459165132744287,0.459323011545273,0.459446706713205,0.459565616356343,0.459686415343854,0.459811813129335,0.459969748167131,0.46011243895571,0.460112444856563
"SYR","Syrian Arab Republic",0.82055152863003,0.821495855174335,0.822709382479977,0.823782558560338,0.818812708393654,0.81971709482058,0.819044561110435,0.820221210627122,0.821298729578239,0.82244683987581,0.823610803369488,0.825485095447436,0.82038831181065,0.822055741592402,0.822772580554702,0.823796932794636,0.824567232099291,0.824339665488504,0.822120575841557,0.818944553364509,0.816785689924831,0.81616585854316,0.816249533880514,0.817189148600999,0.819138382937902,0.820764847865928,0.822039213223418,0.823756784376272,0.825896399014306,0.825896399014306
"TJK","Tajikistan",0.376806247792636,0.377102200851437,0.377398153910238,0.377694106969038,0.377990060027839,0.37828601308664,0.375987195346252,0.373638879252381,0.371241070907316,0.368794712175381,0.366297907372966,0.363751617661157,0.361379980076102,0.358958866646153,0.358768775928746,0.356924443327646,0.357940695457927,0.359086393068131,0.360241446362423,0.361255981994079,0.362184585054733,0.359356514471592,0.358317333999049,0.362806866536945,0.364948874235889,0.366255493296091,0.367403595644593,0.368399761216834,0.370703955580666,0.370536361569694
"TZA","Tanzania, United Republic of",0.396274813745651,0.399706970036341,0.403356269171917,0.407783145030336,0.412175435174064,0.416682868816779,0.420849289454086,0.424784233928925,0.427898003644616,0.429854675425753,0.431707257127753,0.432957472303523,0.433316535217719,0.433319429727025,0.432827075563453,0.432167535952302,0.431508209980451,0.430665528704655,0.429685558613856,0.428601441558603,0.428997201689078,0.429354816297615,0.429500002285635,0.429352544481182,0.428940648034493,0.428772838113767,0.429749112197831,0.430630819689275,0.43142543007978,0.430267787423896
"THA","Thailand",0.515555450661315,0.516474305936591,0.517349715697864,0.517967680535373,0.518130437560775,0.518855084748005,0.519498849194876,0.520102504654381,0.520681775918405,0.521233682124613,0.521391367096859,0.521896918149909,0.522380230573047,0.522840654317935,0.523280005215067,0.523676147751453,0.524041091062516,0.52440248371959,0.524742995902387,0.525048634067506,0.525313090497177,0.525570797335146,0.525811287344837,0.525982903807938,0.526098526820615,0.526192462179082,0.52625991445867,0.526266189585275,0.526240369191785,0.526240369191785
"TLS","Timor-Leste",0.33716309950525,0.33716309950525,0.33716309950525,0.33716309950525,0.33716309950525,0.33716309950525,0.33716309950525,0.33716309950525,0.33716309950525,0.33716309950525,0.33716309950525,0.33716309950525,0.33716309950525,0.33716309950525,0.33716309950525,0.33716309950525,0.33716309950525,0.33716309950525,0.33716309950525,0.33716309950525,0.33716309950525,0.33716309950525,0.33716309950525,0.33716309950525,0.33716309950525,0.33716309950525,0.33716309950525,0.33716309950525,0.33716309950525,0.33716309950525
"TGO","Togo",0.592402595274572,0.593081047201153,0.593652425051203,0.594159064797077,0.594652377679763,0.595124149151042,0.59479132707115,0.594429076402627,0.594277751027391,0.594115223080164,0.593937538847597,0.593549276954644,0.59315729236898,0.592742986508494,0.592308121265956,0.591843953816248,0.591352929172379,0.590834513194422,0.590295070584352,0.589737046921304,0.589162569373677,0.588570754412064,0.587961239265752,0.58733299096873,0.586686016682809,0.586020184087764,0.585673312497984,0.585319691277329,0.58495965528858,0.584414563672669
"TON","Tonga",,,,,,,,,,,,,,,,,,,,,,,,,,,,,,
"TTO","Trinidad and Tobago",0.45132468255119,0.451335054325812,0.451343824581381,0.451562371042236,0.451781034082739,0.452000658008866,0.45224130617852,0.452482981043221,0.452724982042508,0.452966821711473,0.451869561370952,0.452074691734696,0.452279874194792,0.452484860747715,0.452690301999913,0.452882705980993,0.453076232665331,0.453098493771129,0.453117344303601,0.453132216274692,0.45314228942277,0.453150294368066,0.453154607361251,0.453179702169648,0.453185463645158,0.45316265467153,0.45315116707877,0.453138403751813,0.453120685054824,0.453090269566332
"TUN","Tunisia",0.615804846072706,0.614438661233475,0.612665079952407,0.610852101834896,0.6082055391469,0.605905274101377,0.612666840330378,0.612738760176942,0.612898191649511,0.613063274713983,0.613263236656132,0.613467183283544,0.613678871043703,0.613898902321661,0.61692362988996,0.620092268405731,0.623266945737274,0.62700256823412,0.629949302622495,0.635328761126164,0.641099338684882,0.646772922106527,0.642023308705438,0.652879464201827,0.655658350863792,0.660445592908206,0.662813158387076,0.665197292123008,0.667611027521181,0.669976185364848
"TUR","Turkey",0.375919208784666,0.37751054978222,0.373836080762116,0.373438615990571,0.373652232590598,0.377528787519954,0.378147633766221,0.378400455224615,0.378968014681494,0.379846297936346,0.381632521948488,0.38335807831899,0.38486901960156,0.386524415034117,0.390312837462227,0.42478633119097,0.427033633422562,0.398394128942328,0.431118902562122,0.433227578782728,0.436342653417017,0.442222699713288,0.442802743677611,0.445622887216736,0.447303925887603,0.447695554954022,0.445353320725232,0.450216410395716,0.450375096058669,0.450375096058669
"TKM","Turkmenistan",0.830967094751099,0.831829676037952,0.832661788329593,0.833475774872038,0.834345602838818,0.835268774686027,0.834440322308152,0.833573084840127,0.832663905700966,0.820999292423044,0.819419074909727,0.822948267709787,0.821185554572612,0.81940647724292,0.812748835393421,0.811214195234726,0.814185275737239,0.812373014626568,0.810546433071199,0.808701361790855,0.806833007303738,0.805398312606356,0.804159611356961,0.803057473990016,0.803453160754469,0.803808916342642,0.8041219633694,0.804395870914197,0.804786896623601,0.804755412095214
"TUV","Tuvalu",,,,,,,,,,,,,,,,,,,,,,,,,,,,,,
"UGA","Uganda",0.422969850841888,0.427367163683577,0.431954957532632,0.436525426379469,0.441351598189569,0.445888756398817,0.449393289807686,0.452833684152468,0.456255096403204,0.459316386883027,0.462154840787281,0.464845988530524,0.467418594647271,0.469861921822936,0.472003834287355,0.474020615500302,0.475900149170102,0.477628949947194,0.479208307685642,0.480749352776983,0.48228459254357,0.483918335419185,0.48556417014847,0.48699785415849,0.488297794687495,0.489885385158748,0.491345533389216,0.492570415220728,0.49357923767485,0.492598436498622
"UKR","Ukraine",0.587172852515988,0.58433871643182,0.581498981812487,0.578678685545418,0.575856297012264,0.57301003702969,0.570952896706206,0.568810969257801,0.566656986971843,0.559995995744467,0.553570190297233,0.54882415790293,0.54418793300121,0.539563990752341,0.535020851343879,0.530578605710872,0.523717887893464,0.509540432713376,0.507547599716179,0.50555562161249,0.500819451861675,0.501303434610691,0.504788904522469,0.50464255728245,0.504182795981265,0.501024453797474,0.49785447398699,0.484675033885109,0.479789339168774,0.47998747077115
"ARE","United Arab Emirates",0.66900356506292,0.669048371307536,0.669022247970175,0.66907328276957,0.669097012495814,0.669137464557058,0.669102139444192,0.669022328852043,0.669014428841808,0.66900527151782,0.668992893226382,0.668988805782697,0.669002930332404,0.669009764223714,0.668991579167826,0.668961270790223,0.668931408873313,0.668902116459765,0.668873115960937,0.668845439160845,0.668817215085556,0.668784743993957,0.668746653944352,0.668705500449024,0.668702403924552,0.668700574186367,0.668706339175286,0.668714381937374,0.668720356817191,0.668716899230468
"GBR","United Kingdom",0.327024608908471,0.327111720158167,0.32719908563773,0.327288435202542,0.327379790216031,0.327471485887088,0.327563849725426,0.327657477452908,0.327752659583604,0.327852008970272,0.327965430995359,0.328085799615236,0.323752931835867,0.323633469252464,0.323611334687885,0.323638250388898,0.323111301187872,0.323478407687765,0.323156438353004,0.322836698656376,0.323741032367548,0.324037934882459,0.324076769799663,0.324112107345871,0.324145244524051,0.324172399310576,0.324203186753376,0.324243184007864,0.324282486685445,0.324297715050476
"USA","United States",0.246854019563845,0.24803330791253,0.249143274065764,0.250272678310778,0.251396314737474,0.25233630878875,0.25347863160668,0.2546031788367,0.2557096397527,0.256819915537213,0.257928238623612,0.258372374052809,0.258829787205114,0.259269169333481,0.259663215980013,0.259768183161252,0.260720645723521,0.261646030478598,0.262550592940505,0.263442441428532,0.264321169584599,0.264939094529322,0.265534660368597,0.266068416563316,0.266558253659347,0.266744131296485,0.266679827804064,0.266797322650037,0.267149867316256,0.267147330829252
"URY","Uruguay",0.323726902374737,0.323886764625811,0.324046626876886,0.324206489127961,0.324366351379036,0.324526213630111,0.324590377575284,0.324654541518599,0.324718705463772,0.324782869408946,0.324847033354119,0.324911197297434,0.324975361242607,0.32503952518778,0.325103689131095,0.325167853076269,0.325232017021442,0.325296180964757,0.32536034490993,0.325424508855103,0.325488672800277,0.325552836743591,0.325617000688765,0.325681164633938,0.325745328577253,0.325809492522426,0.325937267157405,0.326101513679046,0.326101513679046,0.326101513679046
"UZB","Uzbekistan",0.786877865182415,0.78789378087103,0.788563876751589,0.7891628324321,0.789690287050708,0.789904914641322,0.788329202175166,0.785424870593659,0.783864830051718,0.782068753350644,0.780049346799483,0.778527918711998,0.776814897803372,0.775154604256677,0.773524839393442,0.771672785512781,0.770440782394734,0.769153267846238,0.767857552384777,0.766565553084822,0.765264997458136,0.763936190519487,0.762570350069276,0.761174294196623,0.759813287606892,0.758626311971678,0.757431465265919,0.756231104797433,0.755011451429871,0.753247549550322
"VUT","Vanuatu",,,,,,,,,,,,,,,,,,,,,,,,,,,,,,
"VEN","Venezuela, Bolivarian Republic o",0.343209020976257,0.343244065578768,0.343279294697595,0.343314597622991,0.343349752935249,0.343384982054076,0.343807475995969,0.344229969937861,0.346075375875753,0.346497869817646,0.346920363759538,0.347307847873064,0.346272419990589,0.346272419990589,0.346272419990589,0.346272419990589,0.346272419990589,0.346272419990589,0.346272419990589,0.346272419990589,0.346272419990589,0.346272419990589,0.346272419990589,0.346272419990589,0.346272419990589,0.346272419990589,0.346272419990589,0.346272419990589,0.346272419990589,0.346272419990589
"VNM","Viet Nam",0.5701793849768,0.571221671428383,0.572373115138531,0.573474301705123,0.574441399073053,0.575487251280684,0.574879834121963,0.574380310060892,0.574350303155356,0.574459036858547,0.574475965101774,0.573846680244964,0.573322612033846,0.572806804479512,0.580231893905919,0.57946100608665,0.570854834336331,0.570180045298655,0.569508867380548,0.568844251720277,0.568184946672847,0.567372939277835,0.566720597164219,0.566044367489916,0.56534458618721,0.564641218308467,0.563932685436463,0.563206944508166,0.562472880628578,0.561618607127678
"YEM","Yemen",0.798759959876882,0.798798698460428,0.798832965717527,0.79886915957268,0.79889659878105,0.798912221757907,0.798938979802285,0.798954625205365,0.798977763078827,0.798996463159538,0.799024149589387,0.79899892413507,0.799030827671267,0.799061465931805,0.79909099571827,0.799119082351724,0.79914554257118,0.799171108396218,0.799195972767333,0.799220268287544,0.799243617413623,0.799265987594205,0.799287768046092,0.799308543763187,0.799328753434962,0.799347765304918,0.799365420963721,0.79938339511697,0.799401677237456,0.799401677237456
"ZMB","Zambia",0.311966252985415,0.311930458276337,0.31189466356726,0.311858868858183,0.311823074149106,0.311787279440029,0.311751484730951,0.311715690021874,0.311715690021874,0.311715690021874,0.311715690021874,0.311715690021874,0.311715690021874,0.311715690021874,0.311715690021874,0.311715690021874,0.311715690021874,0.311715690021874,0.311715690021874,0.311715690021874,0.311715690021874,0.311715690021874,0.311715690021874,0.311715690021874,0.311715690021874,0.311715690021874,0.311715690021874,0.311715690021874,0.311715690021874,0.311715690021874
"ZWE","Zimbabwe",0.403910800877646,0.406229048132119,0.408547295386591,0.410865542641064,0.413183789895536,0.415502037150009,0.417566033144538,0.419521571927978,0.417944847267752,0.41641674796022,0.41530857346628,0.414207407055067,0.413112657384823,0.413250652695432,0.413395114635544,0.413546715395412,0.413704828067065,0.413870147095711,0.414042028556127,0.414200707254139,0.41434488868134,0.414801848025779,0.414436446453343,0.419825577989695,0.425577694975332,0.433741375624409,0.434043159118944,0.434378168507421,0.434694489987884,0.434990805292922
